data_ref,faixa_ordem,faixa,produtos,taxa_voltou_90d,taxa_voltou_365d
2010-03-01,1,0 a 1,1665,0.9694,0.9856
2010-03-01,2,1 a 2,489,0.9407,0.9611
2010-03-01,3,2 a 3,175,0.8971,0.9371
2010-03-01,4,3 a 5,147,0.8639,0.8912
2010-03-01,5,5 a 10,113,0.6637,0.7611
2010-03-01,6,acima de 10,245,0.4490,0.6980
2010-04-01,1,0 a 1,2025,0.9393,0.9778
2010-04-01,2,1 a 2,396,0.8712,0.9091
2010-04-01,3,2 a 3,170,0.8176,0.8647
2010-04-01,4,3 a 5,148,0.6959,0.7568
2010-04-01,5,5 a 10,99,0.4646,0.5657
2010-04-01,6,acima de 10,244,0.3197,0.5738
2010-05-01,1,0 a 1,1791,0.9514,0.9866
2010-05-01,2,1 a 2,461,0.8872,0.9523
2010-05-01,3,2 a 3,225,0.8267,0.8756
2010-05-01,4,3 a 5,218,0.6881,0.7615
2010-05-01,5,5 a 10,187,0.5187,0.6524
2010-05-01,6,acima de 10,297,0.3569,0.4747
2010-06-01,1,0 a 1,1551,0.9471,0.9813
2010-06-01,2,1 a 2,712,0.9242,0.9677
2010-06-01,3,2 a 3,292,0.8938,0.9418
2010-06-01,4,3 a 5,259,0.7568,0.8147
2010-06-01,5,5 a 10,199,0.5226,0.5930
2010-06-01,6,acima de 10,376,0.3404,0.4441
2010-07-01,1,0 a 1,2087,0.9449,0.9832
2010-07-01,2,1 a 2,404,0.8738,0.9307
2010-07-01,3,2 a 3,187,0.8342,0.8984
2010-07-01,4,3 a 5,198,0.6717,0.7727
2010-07-01,5,5 a 10,166,0.4880,0.5783
2010-07-01,6,acima de 10,409,0.2641,0.3545
2010-08-01,1,0 a 1,1621,0.9439,0.9803
2010-08-01,2,1 a 2,784,0.9222,0.9643
2010-08-01,3,2 a 3,266,0.8609,0.9286
2010-08-01,4,3 a 5,239,0.7992,0.8452
2010-08-01,5,5 a 10,202,0.4950,0.5941
2010-08-01,6,acima de 10,426,0.1854,0.2770
2010-09-01,1,0 a 1,1817,0.9494,0.9791
2010-09-01,2,1 a 2,559,0.9231,0.9571
2010-09-01,3,2 a 3,309,0.8706,0.9126
2010-09-01,4,3 a 5,235,0.7915,0.8553
2010-09-01,5,5 a 10,200,0.5050,0.5500
2010-09-01,6,acima de 10,464,0.1681,0.2284
2010-10-01,1,0 a 1,2148,0.9614,0.9777
2010-10-01,2,1 a 2,433,0.8822,0.9261
2010-10-01,3,2 a 3,197,0.8122,0.8680
2010-10-01,4,3 a 5,200,0.6900,0.7750
2010-10-01,5,5 a 10,172,0.4826,0.5291
2010-10-01,6,acima de 10,493,0.1217,0.1765
2010-11-01,1,0 a 1,2136,0.9560,0.9799
2010-11-01,2,1 a 2,449,0.8686,0.9020
2010-11-01,3,2 a 3,218,0.8165,0.8624
2010-11-01,4,3 a 5,177,0.6497,0.7232
2010-11-01,5,5 a 10,176,0.4602,0.5057
2010-11-01,6,acima de 10,535,0.1140,0.1402
2010-12-01,1,0 a 1,2497,0.9339,0.9740
2010-12-01,2,1 a 2,313,0.7476,0.8530
2010-12-01,3,2 a 3,127,0.6299,0.6929
2010-12-01,4,3 a 5,133,0.4361,0.5639
2010-12-01,5,5 a 10,165,0.2727,0.3394
2010-12-01,6,acima de 10,557,0.0736,0.1005
2010-12-09,1,0 a 1,2490,0.9193,0.9687
2010-12-09,2,1 a 2,314,0.7261,0.8439
2010-12-09,3,2 a 3,118,0.6695,0.7458
2010-12-09,4,3 a 5,148,0.4122,0.5270
2010-12-09,5,5 a 10,167,0.2395,0.3174
2010-12-09,6,acima de 10,571,0.0665,0.0998
2011-01-01,1,0 a 1,558,0.7473,
2011-01-01,2,1 a 2,674,0.8398,
2011-01-01,3,2 a 3,462,0.8571,
2011-01-01,4,3 a 5,653,0.8867,
2011-01-01,5,5 a 10,896,0.8270,
2011-01-01,6,acima de 10,652,0.1028,
2011-02-01,1,0 a 1,1878,0.9271,
2011-02-01,2,1 a 2,537,0.8212,
2011-02-01,3,2 a 3,309,0.7670,
2011-02-01,4,3 a 5,232,0.6379,
2011-02-01,5,5 a 10,266,0.3797,
2011-02-01,6,acima de 10,723,0.0871,
2011-03-01,1,0 a 1,1817,0.9378,
2011-03-01,2,1 a 2,500,0.8260,
2011-03-01,3,2 a 3,300,0.7867,
2011-03-01,4,3 a 5,270,0.6741,
2011-03-01,5,5 a 10,273,0.4542,
2011-03-01,6,acima de 10,803,0.0834,
2011-04-01,1,0 a 1,1897,0.9420,
2011-04-01,2,1 a 2,484,0.8182,
2011-04-01,3,2 a 3,250,0.7840,
2011-04-01,4,3 a 5,226,0.6062,
2011-04-01,5,5 a 10,240,0.4917,
2011-04-01,6,acima de 10,875,0.0926,
2011-05-01,1,0 a 1,1060,0.8925,
2011-05-01,2,1 a 2,863,0.8969,
2011-05-01,3,2 a 3,457,0.8731,
2011-05-01,4,3 a 5,372,0.7769,
2011-05-01,5,5 a 10,304,0.5691,
2011-05-01,6,acima de 10,948,0.1308,
2011-06-01,1,0 a 1,1531,0.9366,
2011-06-01,2,1 a 2,543,0.8435,
2011-06-01,3,2 a 3,340,0.8324,
2011-06-01,4,3 a 5,324,0.7222,
2011-06-01,5,5 a 10,289,0.5052,
2011-06-01,6,acima de 10,1008,0.1190,
2011-07-01,1,0 a 1,1808,0.9381,
2011-07-01,2,1 a 2,468,0.8483,
2011-07-01,3,2 a 3,252,0.8175,
2011-07-01,4,3 a 5,269,0.6580,
2011-07-01,5,5 a 10,265,0.4226,
2011-07-01,6,acima de 10,1031,0.0863,
2011-08-01,1,0 a 1,1777,0.9336,
2011-08-01,2,1 a 2,594,0.8788,
2011-08-01,3,2 a 3,290,0.7966,
2011-08-01,4,3 a 5,234,0.6795,
2011-08-01,5,5 a 10,241,0.3734,
2011-08-01,6,acima de 10,1051,0.0533,
2011-09-01,1,0 a 1,1989,0.9553,
2011-09-01,2,1 a 2,425,0.8565,
2011-09-01,3,2 a 3,226,0.7965,
2011-09-01,4,3 a 5,285,0.7053,
2011-09-01,5,5 a 10,258,0.4302,
2011-09-01,6,acima de 10,1099,0.0682,
