stockcode,primeira_venda_depois,dias_ate_voltar,faturamento_1_ano_depois
10002,2010-12-10,1,608.50
10002R,,,0.00
10080,2011-02-27,80,119.09
10120,2010-12-10,1,37.38
10123C,2011-03-04,85,2.60
10123G,,,0.00
10124A,2011-02-08,61,5.04
10124G,2011-03-17,98,5.04
10125,2010-12-13,4,954.97
10133,2010-12-16,7,1514.51
10134,,,0.00
10135,2010-12-10,1,2133.50
10138,,,0.00
11001,2010-12-10,1,2293.19
15030,2011-03-24,105,41.47
15034,2010-12-13,4,833.83
15036,2010-12-10,1,18495.32
15039,2010-12-13,4,1965.08
15044A,2010-12-21,12,1456.72
15044B,2011-01-18,40,935.02
15044C,2010-12-10,1,1011.17
15044D,2011-01-17,39,1816.80
15056BL,2010-12-10,1,16227.78
15056N,2010-12-10,1,23244.39
15056P,2010-12-12,3,4477.87
15058A,2010-12-10,1,1668.49
15058B,2010-12-10,1,1885.27
15058C,2011-02-03,56,1429.82
15059A,,,0.00
15060B,2010-12-13,4,1722.57
16008,2010-12-13,4,360.21
16010,2011-02-02,55,2.16
16011,2010-12-15,6,362.67
16012,2010-12-14,5,256.20
16014,2010-12-13,4,4009.46
16015,2010-12-19,10,289.48
16016,2010-12-13,4,1033.05
16020C,2011-03-02,83,69.90
16033,2010-12-12,3,100.80
16043,2011-06-07,180,11.76
16044,,,0.00
16045,2010-12-22,13,380.00
16046,2010-12-10,1,56.95
16047,,,0.00
16048,2010-12-10,1,205.42
16049,2011-04-26,138,82.08
16050,,,0.00
16051,,,0.00
16052,2011-01-12,34,113.62
16053,,,0.00
16054,2010-12-10,1,140.52
16119,,,0.00
16151A,2011-05-11,153,61.25
16156L,2011-01-07,29,199.50
16156N,,,0.00
16156S,2010-12-14,5,2289.00
16161C,,,0.00
16161E,,,0.00
16161G,2011-03-15,96,70.00
16161M,,,0.00
16161P,2010-12-16,7,2980.42
16161U,2010-12-10,1,1666.50
16162L,2011-01-11,33,13.00
16162M,2011-07-19,222,11.76
16168M,2011-01-06,28,160.49
16168S,,,0.00
16169C,,,0.00
16169D,,,0.00
16169F,,,0.00
16169K,2011-01-05,27,73.50
16169M,2011-01-05,27,277.20
16169N,,,0.00
16169P,2010-12-10,1,21.00
16201A,,,0.00
16201B,,,0.00
16202A,2011-03-11,92,3.50
16202B,2011-04-17,129,14.50
16202C,,,0.00
16202E,2011-04-04,116,7.50
16206B,2010-12-23,14,8.75
16207A,2010-12-19,10,163.10
16207B,2011-01-11,33,76.14
16212,,,0.00
16216,2010-12-12,3,234.00
16218,2010-12-12,3,276.92
16219,2010-12-16,7,406.02
16225,2010-12-10,1,668.33
16235,2010-12-10,1,682.41
16236,2010-12-10,1,314.07
16237,2010-12-10,1,944.68
16238,2010-12-10,1,301.95
16239,,,0.00
16243B,,,0.00
16244A,,,0.00
16244B,2011-04-26,138,7.85
16245A,,,0.00
16248B,2011-03-07,88,16.25
16254,2011-06-15,188,42.58
16256B,,,0.00
16256C,,,0.00
16258A,2010-12-10,1,175.61
16258B,,,0.00
16259,2011-03-17,98,326.56
17001,2011-02-28,81,20.88
17003,2010-12-10,1,5854.06
17007B,2011-06-08,181,25.20
17011A,,,0.00
17011B,,,0.00
17011C,,,0.00
17011D,,,0.00
17011F,2010-12-16,7,62.15
17012A,2010-12-10,1,363.38
17012B,2010-12-10,1,578.28
17012C,2010-12-15,6,471.80
17012D,2010-12-10,1,545.62
17012E,2010-12-10,1,57.07
17012F,2010-12-10,1,518.05
17013B,,,0.00
17013C,,,0.00
17013D,2010-12-14,5,264.46
17013F,,,0.00
17014A,2010-12-15,6,67.83
17014C,,,0.00
17014D,,,0.00
17014E,,,0.00
17014F,,,0.00
17021,2010-12-13,4,498.54
17027A,,,0.00
17033,,,0.00
17038,2010-12-13,4,151.06
17039,,,0.00
17084A,2011-01-31,53,42.00
17084G,,,0.00
17084J,2011-01-31,53,42.00
17084N,2010-12-17,8,305.91
17084P,2011-01-10,32,98.76
17084R,2010-12-14,5,529.92
17090A,2010-12-12,3,69.35
17090D,2010-12-10,1,27.50
17091A,2010-12-10,1,90.54
17091B,,,0.00
17091F,,,0.00
17091J,2010-12-10,1,827.03
17096,2010-12-12,3,455.55
17107D,2010-12-12,3,397.80
17108D,,,0.00
17109A,,,0.00
17109B,,,0.00
17109C,,,0.00
17109D,2011-03-07,88,28.97
17129C,,,0.00
17129D,,,0.00
17129F,2010-12-21,12,547.19
17136A,2011-02-01,54,33.75
17164B,2010-12-10,1,11.34
17164D,,,0.00
17165B,,,0.00
17165D,2010-12-10,1,28.35
17174,2011-01-16,38,3.78
17178,,,0.00
17181,,,0.00
17191A,2011-11-13,339,15.00
18007,2010-12-16,7,390.25
18010,,,0.00
18094C,2010-12-17,8,267.68
18096C,,,0.00
18097A,2011-03-22,103,10.20
18097B,,,0.00
18097C,2010-12-12,3,1476.30
18098A,,,0.00
18098B,,,0.00
18098C,2010-12-10,1,610.24
20615,2010-12-13,4,433.33
20616,2010-12-10,1,230.91
20617,2010-12-13,4,190.73
20618,2010-12-10,1,284.29
20619,2010-12-16,7,435.44
20620,,,0.00
20621,,,0.00
20622,2010-12-10,1,288.96
20652,2010-12-13,4,343.09
20653,2011-01-04,26,90.16
20654,2010-12-10,1,193.59
20655,2010-12-14,5,282.27
20657,2010-12-15,6,104.66
20658,2010-12-10,1,608.29
20659,2010-12-10,1,246.84
20660,,,0.00
20661,2011-06-09,182,138.20
20662,2010-12-23,14,85.40
20663,2010-12-12,3,61.24
20664,2010-12-12,3,81.66
20665,2010-12-10,1,1431.14
20666,2010-12-12,3,41.53
20667,2011-05-31,173,49.69
20668,2010-12-10,1,1417.15
20669,2010-12-10,1,413.53
20670,2010-12-12,3,44.04
20671,,,0.00
20672,,,0.00
20673,,,0.00
20674,2010-12-10,1,1997.45
20675,2010-12-10,1,3873.04
20676,2010-12-10,1,6267.60
20677,2010-12-10,1,4611.76
20679,2010-12-10,1,9392.92
20680,,,0.00
20681,2010-12-12,3,404.32
20682,2010-12-10,1,3973.36
20684,2010-12-10,1,250.25
20685,2010-12-10,1,26687.69
20686,2010-12-10,1,875.82
20688,,,0.00
20689,,,0.00
20692,,,0.00
20693,,,0.00
20694,2010-12-17,8,187.54
20695,2011-03-24,105,17.00
20696,2010-12-10,1,215.57
20697,2011-01-23,45,48.45
20698,2011-01-11,33,43.35
20699,2010-12-13,4,238.18
20700,2010-12-10,1,335.00
20701,2010-12-23,14,100.97
20702,2011-01-04,26,522.54
20703,2011-04-14,126,4.25
20704,2010-12-13,4,697.70
20705,2010-12-14,5,428.85
20707,2010-12-10,1,464.63
20711,2010-12-10,1,10550.75
20712,2010-12-10,1,21602.85
20713,2010-12-12,3,22365.12
20714,,,0.00
20716,2010-12-12,3,460.86
20717,2010-12-10,1,3497.23
20718,2010-12-10,1,6340.39
20719,2010-12-10,1,16107.40
20723,2010-12-10,1,12313.23
20724,2010-12-10,1,21408.77
20725,2010-12-10,1,35145.30
20726,2010-12-10,1,17946.39
20727,2010-12-10,1,21790.94
20728,2010-12-10,1,21320.34
20729,,,0.00
20730,,,0.00
20731,2011-01-30,52,108.71
20733,2010-12-10,1,931.71
20734,2010-12-10,1,256.16
20735,2010-12-10,1,577.06
20736,,,0.00
20738,,,0.00
20747,,,0.00
20748,2010-12-12,3,700.17
20749,2010-12-10,1,12008.62
20750,2010-12-10,1,11986.44
20751,2010-12-10,1,2024.70
20752,2010-12-12,3,861.57
20753,,,0.00
20754,2010-12-10,1,2931.23
20755,2010-12-10,1,256.80
20756,2011-01-20,42,53.55
20757,2010-12-10,1,128.14
20758,2011-01-20,42,126.65
20759,2011-01-20,42,50.15
20760,2011-02-15,68,55.25
20761,2010-12-10,1,479.48
20762,2010-12-10,1,382.34
20763,2010-12-10,1,193.67
20764,2010-12-10,1,592.06
20765,2010-12-10,1,401.05
20766,2010-12-17,8,478.45
20767,2010-12-13,4,658.61
20768,2010-12-14,5,433.47
20769,2011-01-17,39,207.36
20770,2010-12-10,1,424.58
20771,2010-12-14,5,262.03
20772,2010-12-10,1,605.97
20773,2011-01-30,52,64.35
20774,2011-01-27,49,128.04
20775,2010-12-20,11,230.18
20776,,,0.00
20777,2010-12-14,5,264.22
20778,2011-01-09,31,18.15
20780,2010-12-10,1,234.90
20781,2010-12-13,4,205.18
20782,2010-12-10,1,274.59
20783,,,0.00
20784,,,0.00
20785,2011-01-05,27,523.30
20786,,,0.00
20787,,,0.00
20793,2010-12-12,3,54.00
20794,2010-12-17,8,277.73
20795,2011-01-18,40,113.05
20796,2011-03-01,82,103.94
20798,2010-12-10,1,46.20
20799,,,0.00
20800,,,0.00
20801,2010-12-13,4,1147.68
20802,2010-12-13,4,951.23
20803,2010-12-13,4,461.92
20804,,,0.00
20812,,,0.00
20814,,,0.00
20816,2011-04-28,140,15.60
20818,2010-12-13,4,42.70
20819,2011-01-04,26,240.97
20820,2011-03-01,82,9.90
20821,2011-03-30,111,84.15
20823,2011-04-19,131,132.72
20825,,,0.00
20826,2010-12-13,4,128.40
20827,2011-04-19,131,34.32
20828,2010-12-12,3,2957.60
20829,2010-12-13,4,2674.63
20830,2010-12-12,3,409.83
20831,2010-12-12,3,466.53
20832,2010-12-10,1,570.33
20833,,,0.00
20835,2011-05-03,145,54.78
20836,2011-05-03,145,141.10
20837,2011-02-17,70,142.47
20838,2011-04-27,139,461.45
20839,2011-01-21,43,794.78
20840,2011-04-27,139,623.00
20845,2011-01-18,40,120.65
20846,2010-12-13,4,915.90
20847,2010-12-13,4,209.96
20848,2010-12-13,4,61.95
20849,,,0.00
20850,,,0.00
20851,2011-01-30,52,53.55
20854,2010-12-12,3,354.91
20855,,,0.00
20856,2010-12-12,3,342.44
20857,2010-12-12,3,42.90
20860,2010-12-13,4,2.10
20861,2010-12-10,1,2.10
20862,,,0.00
20863,,,0.00
20864,,,0.00
20865,,,0.00
20866,2010-12-13,4,702.17
20867,2010-12-10,1,333.41
20868,2010-12-10,1,219.35
20869,2010-12-17,8,86.76
20870,,,0.00
20871,2010-12-14,5,8.42
20877,,,0.00
20878,,,0.00
20879,,,0.00
20881,,,0.00
20882,,,0.00
20884,,,0.00
20886,2010-12-12,3,950.60
20887,,,0.00
20888,,,0.00
20889,,,0.00
20890,,,0.00
20891,,,0.00
20892,2010-12-21,12,25.49
20893,2010-12-13,4,384.77
20894,2011-02-24,77,96.91
20895,,,0.00
20896,,,0.00
20897,2010-12-13,4,274.66
20898,2011-01-27,49,105.73
20899,,,0.00
20901,2011-06-07,180,91.48
20902,2010-12-10,1,623.28
20903,2010-12-17,8,429.19
20905,,,0.00
20906,2011-04-03,115,5.90
20910,2010-12-14,5,38.10
20913,,,0.00
20914,2010-12-10,1,17563.10
20931,2010-12-10,1,1038.04
20932,2010-12-10,1,628.79
20933,2011-01-05,27,71.05
20934,2010-12-17,8,424.46
20935,2011-09-23,288,17.70
20936,2010-12-17,8,296.05
20940,,,0.00
20941,2010-12-14,5,81.27
20942,,,0.00
20943,,,0.00
20950,,,0.00
20952,,,0.00
20953,,,0.00
20956,2010-12-10,1,1072.59
20957,,,0.00
20958,,,0.00
20960,2010-12-10,1,52.41
20961,2010-12-10,1,1550.26
20963,2010-12-10,1,1657.20
20964,2011-05-06,148,5.10
20966,2010-12-10,1,787.36
20967,2010-12-10,1,705.20
20968,,,0.00
20969,2010-12-10,1,7003.35
20970,2010-12-10,1,4006.17
20971,2010-12-10,1,13452.86
20972,2010-12-10,1,8864.03
20973,2010-12-10,1,3071.95
20974,2010-12-10,1,4334.33
20975,2010-12-10,1,3980.80
20976,,,0.00
20977,2010-12-10,1,2262.39
20978,2010-12-10,1,2356.29
20979,2010-12-10,1,4658.73
20980,2010-12-12,3,75.66
20981,2010-12-10,1,1693.09
20982,2010-12-12,3,1829.67
20983,2010-12-13,4,2342.51
20984,2010-12-15,6,1167.10
20985,2010-12-10,1,1523.07
20986,2010-12-10,1,777.10
20987,,,0.00
20988,,,0.00
20989,,,0.00
20990,,,0.00
20991,,,0.00
20992,2010-12-17,8,1923.51
20993,,,0.00
20994,,,0.00
20996,2010-12-14,5,708.97
20997,2011-04-19,131,257.61
20998,2010-12-17,8,478.23
21000,2010-12-10,1,347.40
21001,2010-12-10,1,322.93
21002,2010-12-13,4,388.34
21003,2011-01-07,29,460.58
21004,,,0.00
21007,,,0.00
21009,2010-12-17,8,1.25
21010,,,0.00
21011,2010-12-21,12,2.90
21012,2010-12-10,1,2461.25
21014,2010-12-12,3,488.25
21015,2010-12-13,4,564.53
21016,,,0.00
21017,,,0.00
21018,2010-12-14,5,1.70
21025,2010-12-14,5,214.75
21026,2010-12-14,5,310.73
21027,2010-12-12,3,186.53
21028,2010-12-13,4,236.73
21030,2010-12-13,4,170.95
21031,2010-12-14,5,61.73
21032,2010-12-12,3,116.53
21033,2010-12-12,3,4745.88
21034,2010-12-10,1,1765.10
21035,2010-12-10,1,8242.86
21038,2010-12-23,14,74.95
21039,2010-12-20,11,1331.67
21040,2010-12-12,3,27.15
21041,2010-12-10,1,3679.33
21042,2010-12-10,1,2032.10
21043,2010-12-16,7,1143.76
21051,2010-12-10,1,364.58
21054,2010-12-15,6,562.93
21055,2010-12-14,5,1589.32
21056,2010-12-10,1,1649.05
21058,2010-12-10,1,952.95
21059,2010-12-14,5,507.83
21060,2011-01-04,26,349.09
21061,2010-12-10,1,421.10
21062,2010-12-10,1,437.83
21063,2010-12-10,1,427.71
21064,2010-12-17,8,1176.63
21065,2010-12-13,4,1154.66
21066,2010-12-13,4,689.70
21067,2010-12-10,1,464.10
21068,2010-12-16,7,1529.55
21069,2010-12-10,1,2181.70
21070,2010-12-17,8,1161.19
21071,2010-12-10,1,1162.15
21076,,,0.00
21077,,,0.00
21078,2010-12-10,1,2521.00
21080,2010-12-10,1,10723.02
21081,,,0.00
21082,2011-01-14,36,143.44
21084,2011-01-07,29,773.14
21085,,,0.00
21086,2010-12-15,6,4703.96
21087,2011-02-18,71,74.57
21088,2011-01-07,29,428.28
21089,2011-02-27,80,47.69
21090,2011-01-07,29,1274.83
21091,,,0.00
21092,,,0.00
21094,2010-12-12,3,6544.17
21095,2011-01-21,43,111.93
21096,2011-01-07,29,581.09
21097,,,0.00
21098,2010-12-10,1,4179.73
21099,,,0.00
21100,2010-12-13,4,144.63
21102,,,0.00
21106,2010-12-12,3,667.10
21107,2010-12-10,1,2080.43
21108,2010-12-10,1,17617.50
21109,2010-12-10,1,2690.69
21110,2010-12-10,1,3727.74
21111,2010-12-13,4,1540.08
21112,2010-12-13,4,2837.89
21114,2010-12-10,1,1715.81
21115,2010-12-10,1,3084.30
21116,2010-12-10,1,3857.53
21117,2011-01-13,35,149.25
21118,,,0.00
21119,,,0.00
21121,2010-12-10,1,7544.72
21122,2010-12-10,1,6059.51
21123,2010-12-10,1,1345.84
21124,2010-12-13,4,4798.04
21125,2010-12-15,6,785.97
21126,2010-12-10,1,731.44
21127,,,0.00
21128,2010-12-10,1,519.98
21129,2011-01-04,26,419.52
21130,,,0.00
21131,2010-12-10,1,398.02
21132,2011-01-24,46,200.36
21133,,,0.00
21134,,,0.00
21135,2010-12-12,3,3118.12
21136,2010-12-10,1,7607.10
21137,2010-12-10,1,36545.70
21143,2010-12-10,1,372.50
21144,2010-12-21,12,10.08
21145,2010-12-13,4,152.50
21146,,,0.00
21147,2010-12-10,1,389.39
21153,,,0.00
21154,2010-12-10,1,5915.24
21155,2010-12-10,1,9169.08
21156,2010-12-10,1,5607.97
21157,2011-01-14,36,156.10
21158,2010-12-14,5,748.63
21159,2010-12-10,1,584.78
21160,2010-12-14,5,3.36
21161,2010-12-10,1,194.20
21162,2010-12-10,1,789.34
21163,2010-12-12,3,651.34
21164,2010-12-10,1,4975.99
21165,2010-12-10,1,6755.11
21166,2010-12-10,1,20668.29
21167,2010-12-13,4,324.49
21169,2010-12-10,1,7185.28
21171,2010-12-10,1,592.38
21172,2010-12-10,1,5264.82
21173,,,0.00
21174,2010-12-10,1,9168.92
21175,2010-12-10,1,26639.12
21179,2010-12-10,1,1274.10
21181,2010-12-10,1,24586.70
21185,,,0.00
21186,2010-12-14,5,6.72
21187,2010-12-10,1,492.81
21188,2010-12-10,1,986.44
21189,2010-12-10,1,834.91
21190,2011-01-10,32,82.40
21191,2010-12-10,1,1249.91
21192,2010-12-10,1,1769.99
21193,,,0.00
21194,2010-12-13,4,558.07
21195,2010-12-10,1,1237.02
21196,2010-12-15,6,189.68
21197,2011-01-17,39,361.51
21198,2010-12-20,11,1008.47
21199,2010-12-13,4,888.33
21200,2010-12-14,5,1526.19
21201,2010-12-10,1,2949.61
21202,2010-12-21,12,483.81
21203,,,0.00
21204,2010-12-17,8,865.08
21205,2010-12-10,1,651.77
21206,2010-12-14,5,1589.47
21207,2010-12-14,5,1656.68
21208,2010-12-16,7,694.41
21209,2010-12-20,11,884.59
21210,2010-12-10,1,8152.82
21211,2010-12-10,1,1251.22
21212,2010-12-10,1,20135.45
21213,2010-12-10,1,8147.45
21214,,,0.00
21215,2010-12-10,1,675.88
21216,2010-12-10,1,11092.53
21217,2010-12-10,1,10908.15
21218,2010-12-10,1,9837.24
21219,2010-12-10,1,536.79
21220,2010-12-10,1,447.47
21221,2010-12-13,4,321.44
21222,2010-12-23,14,348.17
21223,,,0.00
21224,2010-12-10,1,1032.46
21225,,,0.00
21226,2011-06-29,202,79.30
21228,2011-02-08,61,6.25
21231,2010-12-10,1,7258.01
21232,2010-12-10,1,14903.89
21238,2010-12-10,1,3403.76
21239,2010-12-10,1,2637.84
21240,2010-12-10,1,3055.33
21241,,,0.00
21242,2010-12-10,1,5643.11
21243,2010-12-10,1,3791.67
21244,2010-12-10,1,3619.70
21245,2010-12-10,1,1775.37
21246,2010-12-20,11,1326.88
21247,,,0.00
21248,2010-12-12,3,330.72
21249,2010-12-10,1,2089.14
21250,2011-01-31,53,268.47
21251,2010-12-10,1,551.25
21252,,,0.00
21253,2010-12-10,1,557.94
21255,,,0.00
21256,,,0.00
21257,2010-12-10,1,6443.67
21258,2010-12-10,1,4971.52
21259,2010-12-10,1,6493.89
21260,2010-12-13,4,3510.98
21261,2010-12-10,1,603.51
21262,2010-12-10,1,1033.86
21263,2010-12-17,8,339.24
21264,2010-12-10,1,569.64
21265,2011-01-31,53,255.39
21266,,,0.00
21267,,,0.00
21268,,,0.00
21269,2011-01-05,27,238.00
21270,2010-12-23,14,530.19
21272,2010-12-10,1,740.00
21274,,,0.00
21275,2010-12-17,8,253.13
21276,,,0.00
21277,2011-01-07,29,549.48
21278,2011-01-06,28,109.65
21279,2010-12-16,7,250.97
21280,2011-01-10,32,165.75
21281,2010-12-16,7,99.15
21282,,,0.00
21283,,,0.00
21284,2010-12-13,4,352.54
21285,2010-12-12,3,392.83
21286,2010-12-10,1,346.94
21287,2010-12-19,10,726.40
21288,2010-12-10,1,1040.74
21289,2011-01-05,27,685.00
21291,2010-12-13,4,736.46
21292,2010-12-21,12,570.71
21293,2010-12-13,4,276.72
21294,2010-12-15,6,705.49
21298,,,0.00
21299,,,0.00
21300,,,0.00
21303,,,0.00
21304,,,0.00
21306,2010-12-10,1,185.47
21307,2011-01-11,33,35.00
21308,,,0.00
21309,,,0.00
21310,2011-05-24,166,29.95
21311,2010-12-14,5,176.27
21312,,,0.00
21313,2010-12-10,1,2774.03
21314,2010-12-10,1,9199.12
21316,2011-01-12,34,211.77
21317,2010-12-13,4,678.51
21318,2010-12-10,1,425.08
21319,2010-12-10,1,169.06
21320,2011-01-20,42,364.22
21321,,,0.00
21322,,,0.00
21323,,,0.00
21324,2010-12-17,8,230.16
21326,2010-12-10,1,6597.65
21327,2010-12-10,1,1393.95
21328,2010-12-10,1,2211.68
21329,2010-12-10,1,1642.00
21330,,,0.00
21331,2010-12-13,4,165.74
21332,2011-01-09,31,268.10
21333,2010-12-15,6,97.35
21335,,,0.00
21336,2011-04-27,139,51.62
21337,,,0.00
21338,,,0.00
21339,,,0.00
21340,2010-12-10,1,11134.29
21341,,,0.00
21343,,,0.00
21344,2011-01-26,48,160.09
21347,,,0.00
21348,2010-12-16,7,361.56
21349,2011-10-05,300,40.50
21350,,,0.00
21351,2010-12-13,4,464.53
21352,2010-12-10,1,1280.83
21353,,,0.00
21354,2010-12-13,4,941.35
21355,2010-12-10,1,908.80
21356,2010-12-10,1,648.16
21357,2010-12-14,5,18.75
21358,2010-12-13,4,472.03
21359,2011-01-04,26,826.23
21360,2010-12-13,4,216.27
21361,2010-12-10,1,1206.88
21363,2010-12-13,4,1254.79
21364,2010-12-13,4,189.21
21365,2010-12-17,8,423.48
21366,2010-12-17,8,406.60
21367,2010-12-17,8,184.27
21368,2011-01-16,38,144.03
21369,2011-01-10,32,150.12
21370,2011-11-17,343,87.96
21371,2011-01-13,35,319.71
21372,2010-12-17,8,98.89
21373,2011-06-07,180,389.04
21374,2010-12-17,8,448.79
21375,2010-12-12,3,287.78
21376,2010-12-12,3,192.36
21377,2010-12-20,11,197.41
21378,2010-12-12,3,217.89
21379,2010-12-12,3,240.56
21380,2010-12-12,3,6266.20
21381,2010-12-10,1,3071.30
21382,2011-01-04,26,1380.23
21383,2010-12-10,1,745.43
21384,,,0.00
21385,2010-12-10,1,3365.54
21386,2010-12-15,6,290.20
21387,,,0.00
21388,,,0.00
21389,2010-12-16,7,963.46
21390,2010-12-12,3,4814.38
21391,2010-12-13,4,1047.60
21392,2010-12-13,4,40.09
21393,2010-12-13,4,19.77
21394,2010-12-23,14,1603.77
21395,2011-03-11,92,1141.40
21396,,,0.00
21397,2010-12-20,11,528.71
21398,2010-12-10,1,719.09
21399,2010-12-16,7,870.09
21400,2010-12-16,7,128.63
21401,2010-12-13,4,147.82
21402,2010-12-17,8,185.52
21403,2010-12-22,13,316.23
21407,2010-12-13,4,1302.35
21408,2010-12-12,3,1206.23
21410,,,0.00
21411,2010-12-12,3,2841.93
21412,,,0.00
21413,2010-12-17,8,53.69
21414,2011-02-22,75,2.10
21415,2011-01-05,27,437.61
21416,2011-01-05,27,15.00
21417,2010-12-17,8,623.49
21418,2010-12-10,1,189.75
21419,,,0.00
21420,2010-12-10,1,123.66
21421,2010-12-10,1,329.68
21422,2010-12-10,1,1258.45
21424,2010-12-17,8,1401.02
21425,2010-12-16,7,320.49
21426,2010-12-17,8,622.48
21427,2010-12-10,1,232.48
21428,2010-12-10,1,4954.88
21429,2010-12-10,1,2997.67
21430,2010-12-12,3,11459.22
21431,,,0.00
21432,,,0.00
21437,,,0.00
21438,,,0.00
21439,2010-12-16,7,1724.60
21440,,,0.00
21441,2010-12-10,1,280.17
21442,2010-12-10,1,308.83
21443,,,0.00
21444,,,0.00
21445,2011-01-05,27,247.50
21446,2010-12-12,3,627.14
21447,2010-12-10,1,1451.84
21448,2010-12-10,1,584.31
21450,,,0.00
21452,2010-12-10,1,2319.68
21454,2010-12-10,1,486.01
21455,2010-12-17,8,516.79
21456,2011-01-23,45,222.22
21457,2011-01-23,45,165.89
21458,2011-01-17,39,256.54
21459,2011-01-14,36,150.38
21460,2011-01-14,36,56.78
21461,2011-01-16,38,25.81
21462,2010-12-12,3,891.90
21463,2010-12-10,1,3338.00
21464,2010-12-10,1,970.25
21465,2010-12-10,1,890.30
21466,2010-12-10,1,1079.39
21467,2010-12-10,1,989.39
21468,2010-12-20,11,564.73
21469,2010-12-10,1,1055.32
21470,2010-12-13,4,1410.08
21471,2010-12-12,3,2198.09
21472,2010-12-10,1,442.66
21473,2010-12-13,4,618.66
21474,,,0.00
21476,2011-01-25,47,699.63
21477,,,0.00
21478,,,0.00
21479,2010-12-10,1,17113.57
21480,,,0.00
21481,2010-12-10,1,10154.64
21482,,,0.00
21484,2010-12-10,1,7750.16
21485,2010-12-10,1,16201.85
21486,,,0.00
21488,2010-12-10,1,84.52
21489,,,0.00
21490,,,0.00
21491,2010-12-16,7,1.95
21493,,,0.00
21494,2010-12-10,1,3364.75
21495,2010-12-14,5,2335.00
21497,2011-01-04,26,3398.50
21498,2010-12-12,3,4163.92
21499,2010-12-10,1,2682.34
21500,2010-12-10,1,2525.50
21503,2010-12-19,10,288.92
21504,2010-12-13,4,763.77
21506,2010-12-12,3,1968.44
21507,2010-12-10,1,1390.33
21508,2010-12-10,1,1021.52
21509,2010-12-13,4,1527.51
21511,,,0.00
21518,2010-12-10,1,127.40
21519,2010-12-13,4,1343.80
21520,2010-12-20,11,197.37
21523,2010-12-10,1,20490.82
21524,2010-12-10,1,13002.63
21527,2010-12-10,1,3232.24
21528,2010-12-13,4,1537.05
21529,,,0.00
21530,2010-12-13,4,751.85
21531,2010-12-10,1,3547.62
21532,,,0.00
21533,2010-12-10,1,6501.72
21534,2010-12-10,1,1883.86
21535,2010-12-14,5,6006.41
21536,,,0.00
21537,2010-12-10,1,1204.33
21538,,,0.00
21539,2010-12-10,1,4540.95
21540,,,0.00
21541,,,0.00
21542,,,0.00
21543,,,0.00
21544,2010-12-10,1,1625.30
21545,,,0.00
21547,2010-12-12,3,224.02
21548,,,0.00
21549,,,0.00
21550,,,0.00
21551,,,0.00
21552,,,0.00
21553,,,0.00
21554,,,0.00
21555,2010-12-20,11,335.17
21556,2010-12-10,1,2454.48
21557,2010-12-10,1,1761.96
21558,2010-12-13,4,5433.56
21559,2010-12-10,1,9481.14
21560,,,0.00
21561,2010-12-14,5,3104.47
21562,2010-12-10,1,380.36
21563,2010-12-10,1,2752.95
21564,2010-12-13,4,1778.50
21576,2010-12-10,1,560.03
21577,2010-12-10,1,1555.80
21578,2010-12-10,1,1636.95
21579,2010-12-19,10,386.66
21580,2011-01-23,45,426.07
21581,2010-12-13,4,546.24
21582,,,0.00
21584,2010-12-10,1,1637.75
21586,2010-12-10,1,1554.75
21587,2010-12-12,3,170.85
21588,2010-12-10,1,3348.15
21589,,,0.00
21590,,,0.00
21591,2010-12-13,4,1868.64
21592,2010-12-12,3,2045.71
21593,,,0.00
21594,2011-01-14,36,4.13
21595,,,0.00
21596,,,0.00
21609,2010-12-12,3,2045.38
21610,,,0.00
21611,,,0.00
21612,,,0.00
21613,2010-12-13,4,650.13
21614,2011-03-31,112,153.29
21615,2010-12-13,4,1326.67
21616,2010-12-12,3,1247.09
21617,2010-12-13,4,953.01
21618,2010-12-16,7,752.00
21619,2010-12-13,4,1473.78
21620,2010-12-12,3,1448.24
21621,2010-12-13,4,24279.33
21622,2010-12-13,4,1868.79
21623,2010-12-10,1,16329.34
21624,2010-12-10,1,1266.11
21625,2010-12-10,1,2756.16
21626,2010-12-17,8,1550.72
21627,2010-12-10,1,1195.40
21628,2010-12-17,8,1146.70
21629,2010-12-23,14,672.05
21630,2010-12-17,8,653.93
21631,2010-12-14,5,896.01
21632,2010-12-14,5,464.25
21633,2010-12-16,7,895.46
21634,2010-12-17,8,476.93
21635,2011-02-01,54,356.21
21636,2011-02-10,63,709.66
21637,2011-03-20,101,136.25
21638,2010-12-10,1,497.29
21639,,,0.00
21640,2010-12-10,1,639.86
21641,2010-12-10,1,438.31
21642,2010-12-10,1,821.83
21643,2010-12-10,1,709.44
21644,2010-12-10,1,266.25
21645,,,0.00
21647,2010-12-10,1,241.50
21648,2010-12-10,1,905.06
21649,,,0.00
21650,2010-12-10,1,685.63
21651,2010-12-12,3,132.45
21652,,,0.00
21653,,,0.00
21654,2010-12-13,4,500.66
21655,2011-01-11,33,60.84
21656,2010-12-15,6,431.14
21657,2010-12-14,5,125.63
21658,2010-12-10,1,3559.07
21659,,,0.00
21661,2011-01-04,26,17.85
21662,2010-12-13,4,515.74
21663,,,0.00
21664,2010-12-13,4,320.22
21665,,,0.00
21666,2010-12-13,4,281.85
21667,2011-01-12,34,29.90
21668,2010-12-10,1,7479.29
21669,2010-12-10,1,7004.11
21670,2010-12-10,1,6024.40
21671,2010-12-12,3,5990.98
21672,2010-12-10,1,6747.12
21673,2010-12-10,1,5836.63
21674,,,0.00
21675,2010-12-10,1,539.56
21676,2010-12-10,1,229.21
21677,2010-12-12,3,688.01
21678,2011-01-05,27,104.25
21679,2010-12-10,1,974.34
21680,2010-12-10,1,726.04
21681,2011-02-14,67,19.90
21682,2010-12-13,4,831.96
21683,2010-12-13,4,869.04
21684,2010-12-13,4,584.17
21685,,,0.00
21686,2011-01-10,32,1311.69
21687,,,0.00
21688,2010-12-13,4,971.47
21689,2010-12-16,7,366.12
21690,2010-12-19,10,22.50
21691,,,0.00
21692,2010-12-19,10,33.75
21693,2010-12-16,7,998.73
21694,2010-12-16,7,769.53
21695,2011-01-07,29,839.98
21696,2010-12-10,1,613.39
21697,,,0.00
21698,2010-12-10,1,154.21
21699,,,0.00
21700,2010-12-10,1,2185.64
21702,,,0.00
21703,2010-12-10,1,3433.89
21704,2010-12-10,1,3931.09
21705,2010-12-10,1,1397.22
21706,2010-12-15,6,1556.06
21707,2010-12-15,6,763.66
21708,2010-12-17,8,858.16
21709,2010-12-15,6,597.33
21710,2010-12-17,8,471.74
21711,2010-12-12,3,497.90
21713,2010-12-23,14,1803.02
21714,2010-12-13,4,3011.88
21715,2010-12-10,1,3476.61
21716,2010-12-10,1,3819.85
21717,2010-12-12,3,941.87
21718,2010-12-10,1,2094.62
21719,2010-12-16,7,278.62
21720,2011-01-14,36,37.40
21721,2010-12-12,3,128.09
21722,2010-12-16,7,79.50
21723,2010-12-12,3,326.40
21724,2010-12-14,5,317.70
21725,2010-12-16,7,251.25
21726,2010-12-10,1,179.27
21728,,,0.00
21729,,,0.00
21730,2010-12-10,1,1824.66
21731,2010-12-10,1,22740.48
21732,,,0.00
21733,2010-12-10,1,22133.31
21734,,,0.00
21735,2010-12-13,4,2187.15
21736,2010-12-12,3,137.22
21737,,,0.00
21738,2010-12-12,3,79.65
21739,2010-12-12,3,664.73
21740,,,0.00
21741,2010-12-10,1,379.85
21742,2010-12-10,1,1154.86
21743,2010-12-10,1,459.91
21744,2010-12-10,1,1477.96
21745,2010-12-15,6,3367.15
21746,2010-12-13,4,3758.15
21747,2010-12-19,10,645.61
21749,2010-12-14,5,3860.25
21750,2011-03-18,99,196.98
21752,,,0.00
21754,2010-12-10,1,15792.17
21755,2010-12-10,1,12052.34
21756,2010-12-12,3,4812.05
21757,2011-01-09,31,29.70
21758,2011-01-24,46,389.30
21759,,,0.00
21760,,,0.00
21761,2011-01-21,43,239.60
21763,2011-01-05,27,169.75
21764,,,0.00
21765,,,0.00
21768,,,0.00
21769,,,0.00
21770,2011-03-24,105,7938.78
21773,2010-12-13,4,1116.58
21774,2010-12-10,1,1085.95
21775,2010-12-13,4,696.78
21777,,,0.00
21779,,,0.00
21780,,,0.00
21781,2010-12-10,1,2587.05
21784,2010-12-10,1,553.47
21785,2011-01-09,31,265.40
21786,2010-12-10,1,779.99
21787,2010-12-10,1,7103.37
21788,2010-12-10,1,1012.24
21789,2010-12-10,1,781.63
21790,2010-12-10,1,11958.83
21791,2010-12-10,1,9467.27
21792,2010-12-15,6,1484.15
21793,2010-12-19,10,1296.61
21794,2010-12-12,3,2179.53
21795,,,0.00
21796,,,0.00
21801,2010-12-10,1,379.21
21802,2010-12-10,1,768.76
21803,2010-12-10,1,895.96
21804,2010-12-21,12,762.17
21805,,,0.00
21806,,,0.00
21807,2010-12-12,3,116.30
21808,2010-12-15,6,592.83
21809,2010-12-10,1,1066.95
21810,2010-12-10,1,2941.39
21811,2010-12-10,1,2537.29
21812,2010-12-10,1,1591.74
21813,2010-12-10,1,2084.18
21814,2010-12-10,1,94.29
21815,2010-12-10,1,164.55
21816,2011-09-11,276,46.40
21817,2010-12-13,4,352.58
21818,2010-12-10,1,1155.90
21819,2010-12-12,3,1025.36
21820,2010-12-12,3,1244.36
21821,2010-12-10,1,968.59
21822,2010-12-15,6,671.38
21823,2010-12-12,3,828.32
21824,2010-12-12,3,1075.18
21825,,,0.00
21826,2010-12-10,1,140.06
21827,2011-03-29,110,1.25
21828,2011-01-07,29,421.98
21829,2010-12-10,1,1455.40
21830,2010-12-13,4,972.21
21832,2010-12-10,1,1615.77
21833,2010-12-10,1,4067.75
21836,2011-01-20,42,7.50
21837,,,0.00
21839,2011-03-27,108,5.45
21841,2011-03-07,88,314.50
21842,,,0.00
21843,2010-12-12,3,19935.00
21844,2010-12-10,1,4981.76
21845,2010-12-10,1,1667.99
21846,2010-12-10,1,1102.97
21847,2010-12-17,8,174.68
21849,2010-12-10,1,440.26
21850,2010-12-10,1,438.86
21851,2010-12-10,1,383.93
21852,,,0.00
21853,,,0.00
21857,,,0.00
21858,,,0.00
21864,2010-12-10,1,1793.75
21865,2010-12-10,1,608.41
21866,2010-12-10,1,1205.24
21867,2010-12-10,1,457.74
21868,2010-12-10,1,3042.17
21869,,,0.00
21870,2010-12-10,1,1487.17
21871,2010-12-10,1,6435.59
21872,2010-12-10,1,1419.04
21873,2010-12-10,1,1767.19
21874,2010-12-10,1,3927.26
21875,2010-12-10,1,2365.39
21876,2010-12-10,1,4725.67
21877,2010-12-10,1,6813.11
21878,2010-12-10,1,2167.99
21879,2010-12-12,3,378.90
21880,2010-12-12,3,834.37
21881,2010-12-12,3,374.66
21882,2010-12-13,4,244.96
21883,2010-12-10,1,681.15
21884,2010-12-14,5,404.81
21888,2010-12-10,1,6376.37
21889,2010-12-10,1,8345.38
21890,2010-12-10,1,3515.31
21891,2010-12-10,1,10358.25
21892,2010-12-10,1,4125.62
21893,,,0.00
21894,2010-12-10,1,867.00
21895,,,0.00
21896,2010-12-10,1,2247.52
21897,2011-01-14,36,1268.19
21898,2011-02-14,67,1541.11
21899,2010-12-10,1,1685.61
21900,2010-12-10,1,2107.26
21901,2010-12-10,1,1199.39
21902,2010-12-10,1,1217.16
21903,2010-12-10,1,2399.71
21904,2010-12-12,3,96.60
21905,2010-12-10,1,806.91
21906,2010-12-10,1,4206.72
21907,2010-12-10,1,4873.27
21908,2010-12-10,1,7402.89
21910,2010-12-13,4,57.75
21911,2010-12-10,1,163.37
21912,2010-12-10,1,6779.29
21913,2010-12-10,1,1445.11
21914,2010-12-10,1,9874.57
21915,2010-12-10,1,24309.82
21916,2010-12-13,4,1921.38
21917,2010-12-13,4,1682.52
21918,2010-12-10,1,2886.71
21919,,,0.00
21922,2010-12-13,4,6877.52
21923,,,0.00
21924,,,0.00
21925,2011-01-19,41,488.75
21926,2011-01-19,41,509.90
21927,2011-01-19,41,741.15
21928,2010-12-10,1,20333.89
21929,2010-12-10,1,22532.31
21930,2010-12-10,1,13510.38
21931,2010-12-10,1,30049.95
21932,2011-01-09,31,4960.67
21933,2010-12-15,6,4890.26
21934,2010-12-10,1,4360.78
21935,2010-12-10,1,6048.01
21936,2010-12-10,1,11594.31
21937,2010-12-12,3,4848.66
21942,2010-12-10,1,284.79
21943,2010-12-12,3,131.17
21944,2010-12-12,3,296.91
21945,2010-12-10,1,334.92
21946,2010-12-12,3,75.35
21947,2010-12-10,1,1118.37
21948,2010-12-10,1,950.65
21949,2010-12-10,1,994.34
21950,,,0.00
21955,2010-12-10,1,7382.07
21967,2010-12-10,1,1505.37
21972,2010-12-13,4,499.08
21973,2010-12-12,3,221.85
21974,2010-12-10,1,3511.45
21975,2010-12-10,1,6024.28
21976,2010-12-10,1,2773.44
21977,2010-12-10,1,11913.12
21980,2010-12-10,1,2058.91
21981,2010-12-12,3,1584.30
21982,2010-12-10,1,2203.84
21983,2010-12-10,1,727.97
21984,2010-12-10,1,1070.23
21985,2010-12-10,1,2694.18
21986,2010-12-13,4,1177.61
21987,2010-12-14,5,1335.60
21988,2010-12-14,5,1835.02
21989,2010-12-10,1,2214.52
21990,2010-12-10,1,2775.21
21991,2010-12-10,1,1042.29
21992,2010-12-10,1,3256.00
21993,2010-12-10,1,3230.03
22021,2010-12-15,6,570.85
22023,2010-12-10,1,519.35
22024,2010-12-12,3,1006.06
22025,2010-12-12,3,756.80
22026,2010-12-16,7,706.19
22027,2010-12-13,4,1843.41
22028,2010-12-10,1,1290.66
22029,2010-12-10,1,3312.76
22030,2010-12-10,1,2192.53
22031,2010-12-17,8,220.55
22032,2010-12-15,6,181.98
22033,2010-12-15,6,141.95
22034,2010-12-17,8,3.76
22035,2010-12-10,1,615.62
22036,,,0.00
22037,2010-12-10,1,1675.10
22038,2011-02-02,55,199.50
22039,2011-04-10,122,105.00
22040,2010-12-16,7,304.50
22041,2010-12-10,1,10633.97
22042,2010-12-15,6,145.04
22043,2010-12-17,8,293.87
22044,2011-07-19,222,171.24
22045,2010-12-14,5,2641.84
22046,2010-12-23,14,929.00
22047,2010-12-13,4,1394.50
22048,2010-12-23,14,383.00
22049,2010-12-10,1,264.75
22050,2010-12-15,6,488.00
22051,2010-12-15,6,409.50
22052,2010-12-13,4,241.50
22053,2010-12-10,1,3606.42
22054,,,0.00
22055,2010-12-10,1,2086.49
22056,,,0.00
22057,2010-12-10,1,644.08
22058,,,0.00
22059,2010-12-10,1,1934.38
22060,2010-12-16,7,1099.05
22061,2010-12-15,6,4088.71
22062,2010-12-16,7,682.01
22063,2010-12-10,1,1352.70
22064,2010-12-10,1,2411.75
22065,2010-12-10,1,3286.71
22066,2010-12-20,11,1051.05
22067,2010-12-13,4,589.00
22068,2010-12-13,4,827.34
22069,2010-12-10,1,939.65
22070,2010-12-14,5,2309.40
22071,2010-12-14,5,1324.18
22072,2010-12-10,1,2613.67
22073,2010-12-12,3,1214.40
22074,2010-12-12,3,1233.07
22075,2010-12-10,1,2057.05
22076,2010-12-10,1,1623.89
22077,2010-12-10,1,16576.44
22078,2010-12-10,1,2879.09
22079,2010-12-13,4,3296.09
22080,2010-12-10,1,1913.29
22081,2010-12-10,1,1148.53
22082,2010-12-10,1,4387.11
22083,2010-12-10,1,13315.95
22084,2010-12-10,1,14832.70
22085,2010-12-14,5,1546.34
22086,2010-12-10,1,59694.94
22087,2010-12-12,3,11775.21
22088,2010-12-12,3,5634.49
22089,2010-12-16,7,4433.82
22090,2010-12-10,1,22499.26
22091,2010-12-10,1,1010.66
22092,2010-12-15,6,289.68
22093,2010-12-15,6,796.57
22094,2010-12-15,6,1091.93
22095,2010-12-10,1,1102.77
22096,2010-12-10,1,579.30
22097,2010-12-13,4,715.81
22098,2010-12-12,3,956.86
22099,2010-12-12,3,775.88
22100,2010-12-10,1,335.16
22101,2010-12-10,1,1996.16
22102,2010-12-10,1,831.84
22103,2011-01-12,34,928.04
22104,2010-12-17,8,337.07
22105,2010-12-10,1,843.61
22106,2010-12-17,8,868.02
22107,2010-12-12,3,1957.39
22108,2010-12-15,6,391.57
22109,2010-12-10,1,6481.08
22110,2010-12-10,1,4271.58
22111,2010-12-10,1,22335.02
22112,2010-12-10,1,30198.85
22113,2010-12-10,1,11796.24
22114,2010-12-10,1,28821.48
22115,2010-12-10,1,1938.24
22116,2010-12-10,1,579.10
22117,2010-12-10,1,3881.69
22118,2010-12-10,1,789.63
22119,2010-12-10,1,1571.97
22120,2010-12-13,4,5186.91
22121,2010-12-10,1,1850.53
22122,,,0.00
22123,2010-12-10,1,1040.31
22124,2010-12-10,1,299.07
22125,2011-01-21,43,139.86
22127,2010-12-10,1,474.88
22128,2010-12-12,3,2022.53
22129,2010-12-12,3,1226.42
22130,2010-12-10,1,2411.72
22131,2010-12-10,1,3821.94
22132,2010-12-10,1,920.73
22133,2010-12-10,1,725.23
22134,2010-12-10,1,405.85
22135,2010-12-17,8,299.52
22136,2010-12-12,3,662.48
22137,2011-01-24,46,235.03
22138,2010-12-21,12,24239.72
22139,2010-12-10,1,22670.21
22141,2010-12-10,1,6129.49
22142,2010-12-10,1,4777.74
22143,,,0.00
22144,2010-12-10,1,9068.96
22145,,,0.00
22146,2011-01-25,47,1.95
22147,2010-12-10,1,8157.32
22148,2010-12-20,11,3929.15
22149,2010-12-10,1,11804.79
22150,2010-12-10,1,5611.49
22151,2010-12-10,1,6248.79
22152,2010-12-10,1,1008.26
22153,2010-12-10,1,1085.80
22154,2010-12-10,1,1315.04
22155,2010-12-13,4,995.56
22156,2010-12-10,1,2040.27
22157,2010-12-12,3,157.25
22158,2010-12-10,1,10922.28
22161,2010-12-10,1,1561.09
22162,2010-12-10,1,710.53
22163,2010-12-14,5,985.99
22164,2010-12-14,5,226.61
22165,2010-12-10,1,3157.71
22166,2010-12-10,1,1445.61
22167,2010-12-13,4,2313.04
22168,2010-12-10,1,1103.30
22169,2010-12-10,1,9931.06
22170,2010-12-10,1,6822.21
22171,2010-12-12,3,13373.91
22172,,,0.00
22173,2010-12-10,1,7416.65
22174,2010-12-10,1,5387.76
22175,2010-12-10,1,2520.42
22176,2010-12-12,3,1489.66
22177,,,0.00
22178,2010-12-10,1,32465.20
22179,2010-12-14,5,6697.81
22180,2010-12-13,4,3261.51
22181,2010-12-10,1,474.64
22182,2010-12-10,1,1396.80
22183,2010-12-10,1,1748.04
22184,2010-12-13,4,370.22
22185,2010-12-10,1,2246.83
22186,2010-12-14,5,1858.72
22187,2010-12-10,1,2952.88
22188,2010-12-13,4,7402.15
22189,2010-12-10,1,18213.08
22190,2010-12-10,1,989.07
22191,2010-12-10,1,11733.15
22192,2010-12-13,4,8019.33
22193,2010-12-10,1,11704.07
22194,2010-12-10,1,591.69
22195,2010-12-10,1,3429.75
22196,2010-12-10,1,2630.25
22197,2010-12-10,1,49985.88
22198,2010-12-10,1,1049.69
22199,2010-12-10,1,1770.02
22200,2010-12-10,1,1711.79
22201,2010-12-10,1,708.33
22202,2010-12-10,1,255.48
22203,2010-12-10,1,1418.90
22204,2010-12-14,5,669.54
22206,2010-12-17,8,4.17
22207,2010-12-10,1,5420.50
22208,2010-12-13,4,1509.87
22209,2010-12-10,1,945.21
22210,2010-12-10,1,908.43
22211,2010-12-10,1,1115.79
22212,2010-12-10,1,3515.96
22214,2010-12-13,4,416.60
22215,2010-12-16,7,2411.89
22216,2010-12-13,4,496.33
22217,2010-12-10,1,807.47
22218,2010-12-15,6,4.25
22219,2010-12-10,1,3904.60
22220,2010-12-20,11,1849.25
22221,2010-12-17,8,1084.16
22222,2010-12-12,3,3835.65
22223,2010-12-15,6,1811.44
22224,2010-12-10,1,2660.75
22227,2010-12-10,1,1625.13
22228,2010-12-10,1,778.63
22229,2010-12-10,1,432.46
22230,2010-12-12,3,480.92
22231,2010-12-12,3,989.16
22232,2010-12-12,3,604.46
22233,2011-01-09,31,602.78
22236,2010-12-13,4,3480.45
22241,2010-12-12,3,2639.43
22242,2010-12-12,3,896.85
22243,2010-12-10,1,4664.13
22244,2010-12-12,3,3161.25
22245,2010-12-10,1,1013.21
22246,2010-12-10,1,863.59
22247,2010-12-23,14,593.14
22248,2010-12-17,8,524.28
22249,2010-12-17,8,826.46
22250,2010-12-17,8,727.67
22251,2010-12-10,1,874.48
22252,2010-12-14,5,755.32
22253,,,0.00
22254,2010-12-15,6,821.80
22255,2010-12-12,3,574.66
22256,2010-12-17,8,387.89
22257,2010-12-15,6,280.42
22258,2010-12-15,6,743.89
22259,2010-12-15,6,332.84
22260,2010-12-10,1,558.25
22261,2010-12-13,4,539.00
22262,2010-12-13,4,926.37
22263,2010-12-10,1,196.82
22264,2010-12-15,6,726.82
22265,2010-12-13,4,362.29
22266,2011-01-07,29,596.50
22267,2011-01-07,29,673.17
22268,2011-01-05,27,804.04
22269,2010-12-10,1,620.23
22270,2010-12-14,5,945.95
22271,2010-12-10,1,4787.53
22272,2010-12-10,1,485.25
22273,2010-12-10,1,11862.86
22274,2010-12-10,1,3814.75
22275,,,0.00
22276,2010-12-16,7,626.19
22277,2010-12-10,1,801.09
22278,2010-12-10,1,2386.72
22279,2010-12-10,1,1003.40
22280,2010-12-23,14,507.09
22281,2010-12-13,4,935.39
22282,2010-12-17,8,2276.56
22283,2010-12-10,1,2646.47
22284,2010-12-10,1,1618.46
22285,2010-12-10,1,1468.38
22286,2010-12-10,1,1065.39
22287,2010-12-10,1,720.16
22288,2010-12-10,1,608.16
22289,2010-12-13,4,198.52
22290,,,0.00
22291,2010-12-10,1,1946.62
22292,2011-01-04,26,1598.63
22293,2010-12-20,11,1335.71
22294,2010-12-10,1,6567.44
22295,2010-12-10,1,4407.36
22296,2010-12-12,3,5039.52
22297,2010-12-10,1,5244.68
22299,2010-12-10,1,1311.91
22300,2010-12-12,3,3241.11
22301,2010-12-10,1,4741.65
22302,2010-12-15,6,5136.84
22303,2010-12-14,5,6353.55
22304,2010-12-10,1,1256.06
22305,2010-12-10,1,1543.38
22306,2010-12-10,1,1294.40
22307,2010-12-10,1,843.27
22308,2010-12-10,1,847.02
22309,2010-12-13,4,1043.00
22310,2010-12-10,1,1139.21
22311,2010-12-10,1,3276.72
22312,2010-12-10,1,1696.69
22313,2010-12-17,8,1455.68
22314,2010-12-10,1,1564.67
22315,2010-12-10,1,1150.17
22316,2010-12-10,1,726.12
22317,2010-12-10,1,870.80
22318,2010-12-10,1,1423.59
22319,2010-12-10,1,580.06
22320,2011-01-06,28,1129.42
22321,2010-12-10,1,828.06
22322,2010-12-10,1,739.51
22323,2011-01-12,34,1.95
22324,2010-12-13,4,643.85
22325,2010-12-16,7,1122.61
22326,2010-12-10,1,23752.93
22327,2010-12-10,1,4222.81
22328,2010-12-10,1,14892.72
22329,2010-12-13,4,2645.09
22330,,,0.00
22331,2010-12-13,4,2851.21
22332,2010-12-10,1,1648.30
22333,2010-12-10,1,6821.07
22334,2010-12-14,5,1134.31
22335,2010-12-10,1,1610.20
22336,2010-12-10,1,693.10
22337,2010-12-10,1,546.10
22338,2010-12-10,1,1189.31
22339,2010-12-10,1,661.92
22340,2010-12-10,1,788.92
22341,2010-12-10,1,801.11
22342,2010-12-10,1,1101.50
22343,2010-12-13,4,863.70
22344,2010-12-10,1,448.52
22345,2010-12-13,4,386.10
22346,2010-12-10,1,371.46
22347,,,0.00
22348,2010-12-10,1,3459.78
22349,2010-12-10,1,5332.65
22350,2010-12-10,1,3753.55
22352,2010-12-10,1,7637.01
22353,2011-02-06,59,155.55
22354,2011-01-05,27,2752.23
22355,2010-12-10,1,28070.52
22356,2010-12-10,1,11049.10
22357,2010-12-10,1,2081.63
22358,2010-12-10,1,2409.48
22359,2010-12-12,3,561.48
22360,2010-12-12,3,3116.02
22361,2010-12-10,1,2559.82
22362,2010-12-10,1,1279.29
22363,2010-12-12,3,1377.84
22364,2010-12-12,3,1977.68
22365,2010-12-14,5,5548.14
22366,2010-12-10,1,5854.03
22367,2010-12-10,1,7238.04
22371,2010-12-10,1,4843.36
22372,2010-12-12,3,1213.17
22374,2010-12-10,1,2359.64
22375,2010-12-10,1,1524.75
22376,2010-12-12,3,1044.16
22377,2010-12-10,1,2160.16
22378,2010-12-10,1,3565.76
22379,2010-12-10,1,14912.97
22380,2010-12-12,3,2765.00
22381,2010-12-10,1,7097.41
22382,2010-12-10,1,17845.09
22383,2010-12-10,1,21958.28
22384,2010-12-10,1,17096.52
22385,2010-12-10,1,16780.16
22386,2010-12-10,1,41709.53
22389,2010-12-10,1,610.95
22390,2010-12-16,7,430.14
22391,2010-12-10,1,245.58
22393,2010-12-10,1,716.68
22394,2010-12-16,7,225.62
22395,2010-12-13,4,204.86
22396,2010-12-10,1,613.16
22398,2010-12-12,3,1485.73
22399,2010-12-10,1,1287.08
22400,2010-12-12,3,716.82
22402,2010-12-14,5,1015.56
22403,2010-12-15,6,668.40
22405,2010-12-13,4,377.84
22406,2010-12-10,1,377.20
22407,2010-12-17,8,100.53
22408,2010-12-13,4,148.69
22409,2010-12-13,4,264.70
22410,2010-12-16,7,247.42
22411,2010-12-10,1,27802.36
22412,2010-12-10,1,1915.01
22413,2010-12-10,1,10892.29
22414,2010-12-14,5,2000.11
22415,2010-12-10,1,79.50
22416,2010-12-19,10,1206.39
22417,2010-12-12,3,4476.35
22418,2010-12-10,1,5212.86
22419,2010-12-10,1,1548.70
22420,2010-12-12,3,606.62
22421,2010-12-10,1,1302.01
22422,2010-12-10,1,733.70
22423,2010-12-10,1,161005.76
22424,2010-12-12,3,12003.01
22425,2010-12-15,6,2265.84
22426,2010-12-14,5,2797.02
22427,2010-12-10,1,12480.78
22428,2010-12-15,6,1700.80
22429,2010-12-13,4,5337.33
22430,2010-12-14,5,3191.03
22431,2010-12-13,4,3914.95
22432,2010-12-10,1,3296.73
22433,2010-12-20,11,2611.97
22434,2010-12-10,1,1517.76
22435,2010-12-10,1,3345.48
22436,2010-12-20,11,1374.46
22437,2010-12-12,3,2374.90
22438,2010-12-14,5,1021.64
22439,2010-12-10,1,1254.24
22440,2010-12-10,1,2358.66
22441,2010-12-10,1,2135.37
22442,2010-12-10,1,1169.75
22443,2010-12-10,1,1247.72
22444,2010-12-10,1,734.57
22445,2010-12-10,1,1548.05
22446,2010-12-17,8,1115.08
22447,2010-12-23,14,393.99
22448,2010-12-13,4,643.03
22449,2010-12-12,3,1423.01
22450,2010-12-10,1,533.67
22451,2010-12-10,1,560.70
22452,2010-12-10,1,1630.91
22453,2010-12-10,1,1014.34
22454,2010-12-12,3,524.36
22456,2010-12-12,3,9278.44
22457,2010-12-10,1,27012.94
22458,2010-12-10,1,1396.45
22459,2010-12-10,1,987.75
22460,2010-12-12,3,3217.17
22461,2010-12-13,4,1338.86
22464,2010-12-10,1,5375.15
22465,2010-12-10,1,2937.93
22466,2010-12-10,1,4658.40
22467,2010-12-10,1,18030.15
22468,2010-12-12,3,3329.14
22469,2010-12-10,1,29954.75
22470,2010-12-10,1,27873.52
22471,2010-12-10,1,1397.42
22472,2010-12-10,1,1436.14
22473,2010-12-10,1,1483.79
22474,2010-12-10,1,1552.59
22475,2010-12-10,1,1536.84
22476,2010-12-10,1,2646.45
22477,2010-12-10,1,1951.61
22478,2010-12-10,1,2206.84
22479,2010-12-10,1,1649.80
22480,2010-12-12,3,693.44
22481,2010-12-12,3,711.83
22482,2010-12-13,4,508.36
22483,2010-12-10,1,2243.88
22485,2010-12-17,8,7088.35
22486,2010-12-15,6,420.95
22487,2010-12-10,1,7743.53
22488,2010-12-13,4,5489.17
22489,2010-12-10,1,4014.54
22491,2010-12-10,1,3087.01
22492,2010-12-10,1,15756.02
22493,2010-12-10,1,3859.17
22494,2010-12-10,1,1448.46
22495,2010-12-10,1,704.55
22496,2010-12-10,1,535.11
22497,2010-12-10,1,1039.14
22498,2010-12-13,4,2116.04
22499,2010-12-10,1,12720.03
22500,2010-12-10,1,941.10
22501,2010-12-10,1,18892.93
22502,2010-12-10,1,50840.45
22503,2010-12-15,6,1740.94
22504,2010-12-14,5,4435.02
22505,2010-12-10,1,6820.77
22507,2010-12-14,5,13170.25
22508,2010-12-13,4,6356.29
22509,2010-12-14,5,2055.69
22510,2010-12-16,7,376.49
22511,2010-12-12,3,465.20
22512,2010-12-13,4,265.84
22513,2010-12-17,8,521.03
22514,2010-12-17,8,685.55
22515,2010-12-17,8,579.51
22516,2010-12-17,8,486.47
22517,2010-12-21,12,453.91
22518,2010-12-20,11,743.59
22519,2010-12-16,7,856.29
22520,2010-12-14,5,622.10
22521,2010-12-14,5,528.99
22522,2010-12-14,5,774.29
22523,2010-12-14,5,749.15
22524,2010-12-10,1,860.23
22525,2010-12-10,1,594.10
22526,2010-12-14,5,1694.77
22528,,,0.00
22529,2010-12-10,1,338.29
22530,2010-12-10,1,1431.65
22531,2010-12-10,1,1334.07
22532,2010-12-12,3,342.38
22533,2010-12-10,1,585.09
22534,2010-12-10,1,1762.01
22535,2010-12-10,1,667.64
22536,2010-12-10,1,1414.10
22537,2010-12-10,1,828.43
22538,2010-12-17,8,163.14
22539,2010-12-10,1,1085.47
22540,2010-12-10,1,907.06
22541,2011-01-05,27,201.52
22543,2010-12-17,8,509.36
22544,2010-12-10,1,1647.40
22545,2010-12-17,8,423.20
22546,2010-12-10,1,795.30
22547,2010-12-10,1,315.10
22548,2010-12-12,3,2280.15
22549,2010-12-10,1,4548.73
22550,2010-12-10,1,4051.07
22551,2010-12-10,1,13104.13
22553,2010-12-10,1,6779.36
22554,2010-12-10,1,12918.63
22555,2010-12-10,1,9303.58
22556,2010-12-10,1,9752.96
22557,2010-12-10,1,7380.43
22558,2010-12-10,1,12722.56
22559,2010-12-14,5,622.77
22560,2010-12-10,1,9193.48
22561,2010-12-10,1,9531.90
22562,2010-12-10,1,1740.87
22563,2010-12-10,1,3301.92
22564,2010-12-10,1,2996.02
22565,2010-12-10,1,838.75
22566,2010-12-10,1,746.55
22567,2010-12-12,3,2961.01
22568,2010-12-10,1,11658.61
22569,2010-12-10,1,9354.05
22570,2010-12-10,1,10582.53
22571,2010-12-10,1,1890.59
22572,2010-12-10,1,1031.43
22573,2010-12-10,1,2204.00
22574,2010-12-10,1,1904.70
22575,2010-12-12,3,1105.78
22576,2010-12-10,1,1208.55
22577,2010-12-12,3,3950.58
22578,2010-12-10,1,3776.93
22579,2010-12-10,1,1865.27
22580,2010-12-10,1,6723.45
22581,2010-12-12,3,1054.09
22582,2010-12-10,1,2593.41
22583,2010-12-13,4,1524.70
22584,2010-12-10,1,5806.95
22585,2010-12-10,1,6680.02
22586,2010-12-10,1,740.75
22587,2010-12-10,1,774.58
22588,2010-12-10,1,1900.57
22589,2010-12-10,1,1004.28
22591,2010-12-12,3,1499.21
22592,2010-12-10,1,2942.13
22593,2010-12-10,1,1788.83
22594,2010-12-10,1,1685.68
22595,2010-12-10,1,5311.48
22596,2011-06-13,186,4142.92
22597,2010-12-13,4,1204.87
22598,2010-12-10,1,443.11
22599,2011-06-21,194,953.35
22600,2010-12-10,1,1437.33
22601,2010-12-10,1,2039.73
22602,2010-12-10,1,1918.18
22603,2010-12-10,1,1155.31
22604,2010-12-10,1,2998.86
22605,2010-12-12,3,10972.01
22606,2010-12-14,5,4638.46
22607,2010-12-10,1,12447.86
22608,2010-12-14,5,1119.82
22609,2010-12-13,4,1371.82
22610,2010-12-10,1,2539.34
22611,2010-12-13,4,1066.86
22612,,,0.00
22613,2010-12-14,5,1213.30
22614,2010-12-10,1,976.94
22615,2010-12-10,1,618.12
22616,2010-12-10,1,7693.85
22617,2010-12-10,1,10153.90
22618,2010-12-10,1,452.63
22619,2010-12-10,1,9329.06
22620,2010-12-10,1,6537.86
22621,2010-12-10,1,9994.21
22622,2010-12-10,1,11237.38
22623,2010-12-10,1,5014.91
22624,2010-12-10,1,15800.87
22625,2010-12-10,1,13202.02
22626,2010-12-15,6,4206.38
22627,2010-12-10,1,7199.01
22628,2010-12-10,1,4585.18
22629,2010-12-10,1,25004.27
22630,2010-12-10,1,21092.52
22631,2010-12-10,1,7081.21
22632,2010-12-14,5,7197.09
22633,2010-12-20,11,8104.46
22634,2010-12-10,1,6914.20
22635,2010-12-12,3,6123.30
22636,2010-12-13,4,4684.86
22637,2010-12-10,1,6729.32
22638,2010-12-13,4,458.93
22639,2010-12-10,1,1876.59
22640,2010-12-12,3,441.74
22641,2010-12-12,3,293.57
22642,2010-12-13,4,578.51
22643,2010-12-13,4,434.97
22644,2010-12-10,1,2668.91
22645,2010-12-10,1,4121.37
22646,2010-12-10,1,5199.27
22647,2010-12-14,5,462.82
22649,2010-12-10,1,3991.39
22650,2010-12-13,4,1249.26
22651,2010-12-10,1,1751.89
22652,2010-12-10,1,8177.14
22653,2010-12-10,1,3285.92
22654,2010-12-10,1,8728.35
22655,2010-12-13,4,7830.00
22656,2010-12-13,4,3685.00
22657,,,0.00
22659,2010-12-10,1,19226.29
22660,2010-12-13,4,2616.83
22661,2010-12-10,1,4149.05
22662,2010-12-10,1,10935.88
22663,2010-12-12,3,6990.74
22664,2010-12-10,1,1420.26
22665,2010-12-10,1,4941.14
22666,2010-12-10,1,25499.07
22667,2010-12-10,1,7673.40
22668,2010-12-10,1,6674.96
22669,2010-12-10,1,3349.32
22670,2010-12-10,1,2440.46
22671,2010-12-10,1,1562.44
22672,2010-12-12,3,2473.03
22673,2010-12-13,4,983.56
22674,2010-12-13,4,1675.21
22675,2010-12-13,4,1538.83
22676,2010-12-10,1,1557.10
22677,2010-12-10,1,1374.01
22678,2010-12-10,1,1132.75
22679,2010-12-10,1,1020.52
22680,2010-12-12,3,1130.29
22681,2010-12-10,1,969.39
22682,2010-12-14,5,891.73
22683,2010-12-13,4,863.97
22684,2010-12-17,8,719.80
22685,2010-12-21,12,770.77
22686,2010-12-10,1,1300.86
22687,2011-03-17,98,3354.22
22688,2010-12-12,3,3275.76
22689,2010-12-10,1,5160.35
22690,2010-12-10,1,9873.62
22691,2010-12-10,1,2678.77
22692,2010-12-10,1,11496.67
22693,2010-12-15,6,17897.45
22694,2010-12-10,1,3684.62
22695,2010-12-10,1,925.77
22696,2010-12-10,1,1326.51
22697,2010-12-10,1,21819.68
22698,2010-12-12,3,17548.81
22699,2010-12-10,1,28283.63
22700,2010-12-12,3,2581.52
22701,2010-12-10,1,914.03
22702,2010-12-13,4,2680.45
22703,2010-12-13,4,581.23
22704,2010-12-14,5,2116.26
22705,2011-01-07,29,748.86
22706,2010-12-16,7,826.94
22707,2010-12-19,10,527.94
22708,2010-12-14,5,1139.00
22709,2011-01-05,27,528.50
22710,2010-12-13,4,1763.92
22711,2010-12-14,5,1213.34
22712,2010-12-10,1,1807.49
22713,2010-12-10,1,1423.03
22714,2010-12-10,1,1398.91
22715,2011-01-04,26,643.94
22716,2010-12-10,1,1322.66
22717,2010-12-13,4,523.15
22718,2010-12-12,3,700.41
22719,2010-12-10,1,827.45
22725,2010-12-10,1,7899.57
22726,2010-12-10,1,26139.51
22727,2010-12-10,1,29368.53
22728,2010-12-10,1,20100.94
22729,2010-12-10,1,8690.32
22730,2010-12-10,1,10805.38
22731,2010-12-10,1,1411.20
22732,2010-12-10,1,2051.83
22733,2010-12-10,1,1980.80
22734,2010-12-10,1,10345.53
22735,2010-12-10,1,1282.74
22736,2010-12-10,1,2136.05
22737,2010-12-10,1,2458.96
22738,2010-12-10,1,3520.75
22739,2010-12-10,1,3255.95
22740,2010-12-10,1,5518.24
22741,2010-12-10,1,7288.20
22742,2010-12-17,8,1291.88
22743,2010-12-13,4,2299.28
22744,2010-12-10,1,1938.06
22745,2010-12-10,1,4439.07
22746,2010-12-10,1,3108.37
22747,2010-12-10,1,1984.23
22748,2010-12-10,1,4660.24
22749,2010-12-10,1,8885.68
22750,2010-12-10,1,7221.71
22751,2010-12-10,1,5568.49
22752,2010-12-10,1,11856.17
22753,2010-12-10,1,723.64
22754,2010-12-10,1,1285.09
22755,2010-12-10,1,1139.95
22756,2010-12-14,5,640.25
22757,2010-12-10,1,1122.59
22758,2010-12-10,1,1073.92
22759,2010-12-10,1,8732.81
22760,2010-12-12,3,3402.64
22762,2010-12-13,4,2594.55
22763,2010-12-16,7,2066.39
22765,,,0.00
22766,2010-12-10,1,9613.40
22767,2010-12-10,1,6984.02
22768,2010-12-10,1,7869.10
22769,2010-12-10,1,227.91
22796,2010-12-10,1,5644.16
22804,2010-12-10,1,7797.12
22806,2011-01-24,46,641.64
22807,2010-12-14,5,2301.27
22808,2010-12-10,1,1018.22
22809,2010-12-10,1,3624.82
22810,2010-12-10,1,2715.18
22811,2010-12-10,1,2324.76
22812,2010-12-10,1,3179.00
22813,2010-12-10,1,4439.18
22814,2010-12-10,1,872.44
22815,2010-12-10,1,1091.09
22816,2010-12-10,1,1472.02
22817,2010-12-10,1,1107.22
22818,2010-12-10,1,1397.08
22819,2010-12-10,1,1091.33
22820,2010-12-13,4,567.62
22821,2010-12-10,1,705.12
22834,2010-12-10,1,5542.01
22835,2010-12-10,1,16677.32
22837,2010-12-10,1,3375.59
22851,2010-12-10,1,2340.26
22854,2010-12-10,1,3632.03
22855,2010-12-10,1,3025.67
22857,2010-12-12,3,977.76
22859,2010-12-10,1,1993.05
22860,2011-01-06,28,1029.32
22862,2010-12-12,3,699.66
22863,2010-12-10,1,1946.82
22864,,,0.00
22865,2010-12-16,7,15929.06
22866,2010-12-10,1,12341.25
22867,2010-12-10,1,10705.70
22894,2010-12-15,6,2967.88
22895,2010-12-10,1,6208.27
22896,2010-12-12,3,4018.14
22897,2010-12-10,1,1989.74
22898,2010-12-13,4,4996.65
22899,2010-12-10,1,4160.40
22900,2010-12-10,1,14338.66
22902,2010-12-10,1,2496.76
22903,2010-12-10,1,541.74
22904,2010-12-10,1,5278.27
22905,2010-12-13,4,1466.88
22906,2010-12-10,1,2809.96
22907,2010-12-10,1,5646.24
22908,2010-12-10,1,3513.23
22909,2010-12-10,1,7565.52
22910,2010-12-10,1,29851.25
22911,2010-12-12,3,1307.94
22938,2010-12-16,7,4373.58
22939,2010-12-15,6,2364.56
22940,2010-12-10,1,7227.52
22944,2010-12-10,1,1790.01
22945,2010-12-10,1,2683.03
22946,2010-12-10,1,6656.42
22947,2010-12-21,12,8306.54
22948,2010-12-10,1,1476.91
22949,2010-12-13,4,1421.66
22950,2011-06-08,181,7133.00
22951,2010-12-10,1,3908.12
22952,2010-12-10,1,8988.09
22959,2010-12-16,7,2008.96
22961,2010-12-10,1,24329.72
22963,2010-12-10,1,2554.44
22983,2010-12-10,1,2176.71
22984,2010-12-17,8,1095.24
22985,2010-12-20,11,1479.44
22986,2010-12-14,5,1691.10
22987,2011-05-03,145,42.84
35001B,,,0.00
35001G,2010-12-13,4,534.96
35001P,,,0.00
35001W,2010-12-16,7,12.00
35004B,2010-12-10,1,2812.31
35004C,2010-12-10,1,735.25
35004G,2011-02-04,57,429.25
35004P,2010-12-10,1,5.45
35004S,,,0.00
35015,,,0.00
35051B,,,0.00
35071,,,0.00
35085E,,,0.00
35095A,2010-12-10,1,385.21
35095B,2010-12-10,1,348.05
35096A,,,0.00
35096B,,,0.00
35160,,,0.00
35233,,,0.00
35240,,,0.00
35241,2010-12-10,1,510.42
35265,2011-01-11,33,52.20
35271S,,,0.00
35400,2010-12-17,8,89.50
35443,2010-12-23,14,6.80
35471A,,,0.00
35471D,2010-12-10,1,964.51
35537,,,0.00
35591T,2010-12-10,1,3.75
35594,,,0.00
35597A,,,0.00
35597B,,,0.00
35597D,2011-08-16,250,17.48
35598B,2010-12-10,1,432.37
35598D,2010-12-10,1,446.04
35599B,2010-12-15,6,503.85
35599D,2010-12-10,1,535.34
35600D,,,0.00
35603B,,,0.00
35603C,,,0.00
35607A,2010-12-16,7,7.82
35607B,2011-03-06,87,18.24
35609A,2010-12-10,1,2.51
35610A,2010-12-10,1,12.51
35610B,2010-12-13,4,30.00
35610C,2010-12-10,1,32.51
35611B,,,0.00
35633B,,,0.00
35637A,2011-02-15,68,421.09
35637C,2011-01-31,53,100.86
35638B,2011-07-13,216,128.33
35644,,,0.00
35645,2011-07-11,214,17.00
35646,2010-12-14,5,911.78
35647,2011-01-23,45,16.25
35648,2010-12-10,1,1021.10
35649,2011-04-01,113,156.85
35650,2011-08-01,235,4.95
35651,2010-12-14,5,969.71
35652,,,0.00
35653,2010-12-10,1,394.80
35654,,,0.00
35751C,,,0.00
35793,,,0.00
35809A,2010-12-16,7,517.80
35809B,2011-04-04,116,9.18
35810A,2010-12-16,7,640.92
35810B,2011-01-10,32,171.99
35811A,,,0.00
35815B,,,0.00
35816B,,,0.00
35816P,2011-08-12,246,29.64
35817B,,,0.00
35817P,2010-12-15,6,19.86
35818B,2011-08-16,250,11.78
35818P,2011-02-07,60,103.61
35819B,2010-12-20,11,106.81
35821B,,,0.00
35821P,,,0.00
35823P,,,0.00
35824B,,,0.00
35824C,,,0.00
35824P,,,0.00
35832,,,0.00
35833G,,,0.00
35833P,2010-12-10,1,80.50
35838A,,,0.00
35838B,,,0.00
35840,,,0.00
35909A,2011-01-05,27,23.60
35909B,2011-02-14,67,23.60
35910A,2011-01-05,27,39.00
35910B,2011-03-18,99,25.35
35911A,2010-12-16,7,292.07
35911B,2011-01-05,27,100.76
35912B,2011-01-13,35,301.26
35913B,2011-01-25,47,36.33
35914,2010-12-17,8,211.24
35915B,2010-12-10,1,257.22
35915C,2011-01-10,32,316.46
35916A,2011-02-28,81,57.43
35916B,2011-01-21,43,75.02
35916C,2011-01-21,43,104.40
35918B,,,0.00
35920,2011-01-19,41,104.84
35921,2011-01-16,38,133.23
35922,2011-01-16,38,138.60
35923,2011-01-10,32,690.52
35924,2010-12-10,1,1471.68
35931,,,0.00
35932,,,0.00
35933,2010-12-17,8,92.21
35936,,,0.00
35937,,,0.00
35951,,,0.00
35953,2010-12-17,8,1572.42
35954,2010-12-10,1,278.54
35955,,,0.00
35957,2010-12-10,1,228.97
35958,,,0.00
35961,2010-12-10,1,2523.01
35962,,,0.00
35963,,,0.00
35964,2010-12-10,1,401.93
35965,2010-12-10,1,504.50
35966,2011-06-09,182,10.26
35967,2010-12-12,3,233.25
35968,2011-06-08,181,72.98
35969,,,0.00
35970,2010-12-10,1,9441.28
35971,2010-12-10,1,554.65
35972,2011-01-05,27,120.00
35973,,,0.00
35979,,,0.00
35980B,,,0.00
35980C,,,0.00
35981C,,,0.00
35991,,,0.00
35995,,,0.00
37112,,,0.00
37326,,,0.00
37327,2010-12-13,4,830.33
37330,2011-03-22,103,2.34
37333,2011-01-05,27,111.09
37340,2010-12-21,12,1650.11
37342,2010-12-16,7,1489.01
37343,2010-12-10,1,100.14
37345,,,0.00
37348,,,0.00
37351,2011-01-25,47,9.06
37352,,,0.00
37370,2010-12-13,4,3117.04
37379A,2011-01-19,41,7.50
37379B,,,0.00
37399,,,0.00
37409,,,0.00
37410,,,0.00
37422,,,0.00
37423,2011-03-04,85,33.18
37424,,,0.00
37441,,,0.00
37444A,2010-12-13,4,43.50
37444B,2011-02-11,64,5.90
37444C,2011-01-10,32,28.28
37446,2010-12-10,1,1835.26
37447,2010-12-10,1,1234.60
37448,2010-12-10,1,2109.78
37449,2010-12-10,1,4787.93
37450,2010-12-10,1,2043.74
37461,,,0.00
37462B,,,0.00
37462E,2010-12-20,11,10.58
37464,2010-12-17,8,2.50
37467,2011-01-21,43,121.85
37471,2011-04-28,140,30.43
37474,,,0.00
37475,2010-12-10,1,671.93
37476,2011-01-05,27,342.98
37477B,,,0.00
37479B,2011-01-27,49,70.44
37479P,2010-12-13,4,141.81
37482B,,,0.00
37482P,2010-12-13,4,351.48
37483,,,0.00
37485,,,0.00
37488A,2011-03-20,101,10.92
37489A,2011-04-19,131,12.48
37489B,2011-01-11,33,14.82
37489C,2011-01-11,33,11.70
37489D,2011-04-19,131,15.21
37491A,2011-02-18,71,16.45
37491B,2011-07-18,221,6.60
37491C,2011-07-18,221,13.20
37491D,2011-02-18,71,9.88
37492A,,,0.00
37492B,,,0.00
37492C,,,0.00
37492D,,,0.00
37494A,,,0.00
37495,2010-12-10,1,1547.24
37500,2010-12-21,12,2278.42
37501,2010-12-10,1,850.17
37502,,,0.00
37503,,,0.00
37506,,,0.00
37508,,,0.00
37509,,,0.00
40001,2010-12-16,7,666.00
40003,2010-12-17,8,177.98
40005B,2011-09-14,279,9.35
40016,2010-12-13,4,2024.55
40018E,,,0.00
40018F,,,0.00
40046A,2011-01-21,43,62.50
40046C,,,0.00
44089A,2011-02-02,55,6.30
44089C,2011-02-13,66,10.08
44091A,2011-01-10,32,3.78
44091C,,,0.00
44092C,2011-02-18,71,18.70
44230,,,0.00
44234,2011-01-20,42,151.45
44235,2011-01-20,42,198.36
44236,2011-02-13,66,56.52
44241C,,,0.00
44242B,2011-04-14,126,50.28
44265,2011-02-10,63,8.50
45008C,,,0.00
45013,2011-02-09,62,8.85
45016,,,0.00
46000M,2010-12-15,6,1551.55
46000P,2010-12-15,6,68.00
46000R,2011-01-25,47,140.65
46000S,2010-12-16,7,2234.45
46000U,2010-12-17,8,133.75
46037A,,,0.00
46115B,2011-03-04,85,1.14
46118,2010-12-23,14,308.70
46126A,2011-03-21,102,69.84
46137D,,,0.00
46138B,2010-12-23,14,43.15
46307,,,0.00
46775A,,,0.00
46775B,,,0.00
46775D,2011-01-07,29,709.91
46775E,,,0.00
46776A,2010-12-10,1,664.18
46776B,2010-12-10,1,666.96
46776C,2010-12-10,1,484.37
46776D,2010-12-10,1,378.29
46776E,2011-01-10,32,284.14
46776F,2010-12-10,1,912.03
47013A,2011-03-17,98,3.04
47013C,2011-03-24,105,12.97
47016,2011-11-01,327,4.20
47021G,2010-12-10,1,301.74
47310M,2010-12-17,8,569.20
47341A,2011-02-17,70,38.75
47341B,2011-04-27,139,56.25
47343A,2011-04-01,113,136.23
47344B,2011-03-20,101,43.66
47347B,,,0.00
47348A,2010-12-17,8,48.36
47351B,2011-01-07,29,234.50
47367B,2010-12-13,4,362.05
47369A,2010-12-12,3,78.43
47369B,2011-06-16,189,94.18
47420,2010-12-16,7,37.62
47421,2010-12-10,1,385.02
47422,2011-01-09,31,260.88
47469,2011-01-17,39,241.21
47471,2010-12-10,1,187.74
47480,2010-12-13,4,1136.62
47481,2010-12-17,8,170.51
47502,,,0.00
47503A,2010-12-14,5,1264.20
47503E,,,0.00
47503F,,,0.00
47503G,,,0.00
47503H,2010-12-12,3,106.65
47503J,,,0.00
47503K,,,0.00
47504E,,,0.00
47504F,,,0.00
47504G,,,0.00
47504H,2010-12-14,5,958.53
47504J,,,0.00
47504K,2010-12-14,5,2009.78
47505,,,0.00
47518F,2010-12-21,12,134.37
47552A,,,0.00
47556B,2011-01-11,33,6045.00
47559B,2010-12-10,1,2730.33
47562,,,0.00
47563A,2010-12-10,1,537.19
47563B,,,0.00
47566,2010-12-10,1,98713.26
47566B,2010-12-12,3,12747.96
47567B,2010-12-10,1,3318.48
47568,,,0.00
47570,,,0.00
47570B,2010-12-10,1,1705.42
47574A,2010-12-14,5,653.20
47574B,2011-05-15,157,17.00
47578A,2011-01-26,48,195.73
47579,,,0.00
47580,2010-12-13,4,1025.16
47581B,,,0.00
47583A,,,0.00
47583B,,,0.00
47585A,2010-12-17,8,1129.44
47586A,2010-12-23,14,48.45
47587A,,,0.00
47589,2011-01-06,28,70.85
47590A,2010-12-14,5,10133.78
47590B,2010-12-14,5,12032.33
47591A,,,0.00
47591B,2010-12-10,1,257.72
47591C,,,0.00
47591D,2010-12-10,1,6302.34
47592A,,,0.00
47592B,,,0.00
47593A,2010-12-12,3,14.37
47593B,2010-12-10,1,929.46
47594A,2010-12-13,4,193.68
47594B,2010-12-15,6,314.55
47597,,,0.00
47598,,,0.00
47599A,2010-12-15,6,4487.79
47599B,2010-12-10,1,2664.82
48103,,,0.00
48111,2010-12-10,1,7218.94
48116,2010-12-10,1,9013.54
48129,2010-12-10,1,5865.78
48138,2010-12-10,1,24990.16
48173C,2010-12-10,1,9979.32
48175,,,0.00
48179,,,0.00
48184,2010-12-10,1,13915.31
48185,2010-12-10,1,23561.66
48187,2010-12-10,1,23671.39
48188,2010-12-10,1,11978.86
48189,2010-12-10,1,434.13
48194,2010-12-10,1,21322.66
48195,,,0.00
48197,,,0.00
51008,2010-12-10,1,890.10
51012C,,,0.00
51012L,,,0.00
51014A,2010-12-10,1,1990.08
51014C,2010-12-10,1,1331.00
51014L,2010-12-14,5,1058.94
51020A,2010-12-20,11,115.08
51020B,2010-12-12,3,66.82
62018,2010-12-10,1,5711.00
62043B,2011-04-27,139,14.11
62074B,2011-01-31,53,6.72
62086A,2011-01-13,35,171.60
62094B,2010-12-10,1,58.15
62095B,,,0.00
62096A,2010-12-15,6,117.50
62096B,2011-03-07,88,2.50
62097A,,,0.00
70006,2010-12-10,1,1773.92
70007,2010-12-10,1,792.32
71028B,,,0.00
71038,2011-01-07,29,1212.25
71050,2011-02-28,81,11.55
71053,2010-12-14,5,7693.73
71101E,2011-01-23,45,280.20
71143,2010-12-10,1,178.79
71215,2011-05-26,168,4.20
71270,2010-12-20,11,332.48
71279,2010-12-10,1,537.71
71403,2011-01-10,32,281.01
71406C,2011-01-13,35,52.50
71434B,,,0.00
71459,2010-12-10,1,10507.17
71477,2010-12-10,1,18820.18
71495A,2010-12-13,4,40.38
71495B,2011-01-31,53,56.01
71496A,2011-01-20,42,67.20
71496B,2011-01-31,53,7.37
71510,2011-02-10,63,36.52
72008,,,0.00
72023F,,,0.00
72024U,2011-04-26,138,15.12
72038P,,,0.00
72045D,,,0.00
72051S,2010-12-13,4,87.43
72083A,,,0.00
72122,2010-12-13,4,335.79
72127,2010-12-12,3,176.86
72128,2010-12-12,3,143.55
72129,,,0.00
72130,2010-12-12,3,98.01
72131,2010-12-20,11,213.00
72132,2010-12-12,3,31.20
72133,2011-01-19,41,56.01
72134,2011-01-23,45,56.96
72140E,2011-02-27,80,26.35
72140F,,,0.00
72225C,2010-12-17,8,165.60
72225D,,,0.00
72232,2010-12-14,5,609.33
72267,,,0.00
72349B,2010-12-10,1,2023.25
72351A,2010-12-10,1,2537.88
72351B,2010-12-10,1,3936.40
72369A,2011-01-14,36,39.92
72484,,,0.00
72487,,,0.00
72529W,,,0.00
72586,2011-01-06,28,315.27
72598,2010-12-10,1,576.50
72606A,,,0.00
72708,,,0.00
72709,2011-02-27,80,22.10
72715,,,0.00
72724,,,0.00
72728,,,0.00
72739B,,,0.00
72739C,,,0.00
72740A,,,0.00
72741,2010-12-10,1,7643.58
72750A,,,0.00
72750B,,,0.00
72750C,,,0.00
72750D,,,0.00
72752B,,,0.00
72753A,,,0.00
72753B,,,0.00
72753C,,,0.00
72753D,,,0.00
72754A,,,0.00
72754B,,,0.00
72755C,,,0.00
72755D,,,0.00
72756,,,0.00
72760B,2010-12-10,1,3994.81
72771B,,,0.00
72771C,,,0.00
72772,,,0.00
72779,,,0.00
72780,2010-12-13,4,116.45
72781,,,0.00
72783,2011-11-06,332,33.60
72785A,,,0.00
72785B,,,0.00
72789,,,0.00
72793,,,0.00
72796A,,,0.00
72796B,,,0.00
72798C,2011-01-26,48,9.90
72799A,,,0.00
72799B,,,0.00
72799C,2011-01-23,45,129.47
72799D,,,0.00
72799E,2010-12-10,1,839.06
72799F,2010-12-13,4,393.76
72800A,,,0.00
72800B,2010-12-20,11,255.10
72800C,2010-12-16,7,264.82
72800D,2010-12-15,6,198.62
72800E,2010-12-10,1,1089.69
72800F,,,0.00
72801C,2011-01-06,28,261.59
72801D,2010-12-14,5,282.91
72801E,,,0.00
72801F,,,0.00
72801G,2010-12-19,10,69.96
72802A,2010-12-10,1,1273.19
72802B,2010-12-13,4,1861.76
72802C,2010-12-10,1,2501.10
72803A,2010-12-10,1,709.72
72803B,,,0.00
72805,,,0.00
72807A,2010-12-10,1,1657.31
72807B,2010-12-10,1,1719.46
72807C,2010-12-12,3,3012.43
72811,2011-04-28,140,78.93
72812,2011-02-09,62,116.06
72814,,,0.00
72815,2011-01-26,48,7.50
72816,2010-12-12,3,853.95
72817,2010-12-10,1,1174.45
72818,2010-12-12,3,782.11
72819,2010-12-16,7,465.80
72821,2011-01-27,49,18.15
75011,2010-12-14,5,138.76
75013B,2010-12-10,1,33.00
75049L,2010-12-17,8,6825.47
75131,2010-12-13,4,522.47
75149N,,,0.00
75172,2011-02-09,62,85.31
75178,2010-12-14,5,218.87
77079,2011-06-12,185,2.12
77081,,,0.00
77101A,2010-12-10,1,423.19
78026,,,0.00
78027,,,0.00
78033,2011-03-20,101,185.30
78034B,2011-04-10,122,13.65
78056,,,0.00
78124,2011-05-18,160,241.25
79000,2010-12-13,4,3207.73
79026B,2011-03-04,85,10.61
79029,,,0.00
79030A,,,0.00
79030D,2010-12-16,7,329.95
79030G,2011-01-10,32,719.81
79051A,2011-02-03,56,288.11
79066K,2010-12-10,1,675.58
79067,2010-12-10,1,509.81
79071B,2011-01-05,27,59.00
79072,,,0.00
79140,,,0.00
79144B,2010-12-12,3,98.61
79144C,2010-12-13,4,94.34
79149B,2011-06-05,178,7.14
79160,2010-12-14,5,770.63
79161A,2011-11-08,334,5.90
79163,2010-12-20,11,606.75
79164,2011-02-06,59,660.36
79172D,,,0.00
79190A,2010-12-13,4,170.94
79190B,2010-12-10,1,279.51
79190D,2010-12-13,4,120.26
79191B,2011-01-09,31,132.39
79191C,2011-01-13,35,810.83
79191D,2010-12-20,11,37.61
79192A,2011-01-20,42,3.75
79302M,2010-12-14,5,951.12
79303B,,,0.00
79303D,,,0.00
79308B,,,0.00
79315W,,,0.00
79320,,,0.00
79321,2010-12-10,1,49501.08
79323B,2011-02-11,64,54.00
79323G,,,0.00
79323GR,,,0.00
79323LP,,,0.00
79323P,2011-01-11,33,27.00
79323S,,,0.00
79323W,,,0.00
79328,,,0.00
79329,2010-12-15,6,12.18
79331,2011-02-20,73,17.50
79336,2011-07-29,232,13.68
79337,2011-01-07,29,250.06
79338,,,0.00
79341,,,0.00
79342B,,,0.00
79403,2010-12-14,5,83.86
79406,2011-02-16,69,34.12
79413,,,0.00
79532,,,0.00
79534,,,0.00
81950B,2011-07-04,207,33.93
81950V,2010-12-10,1,8.89
81952B,2011-07-04,207,38.00
81952V,2011-07-04,207,69.73
81953B,2011-07-13,216,2.09
81953P,2011-07-13,216,5.32
81985A,,,0.00
82001S,2010-12-12,3,6544.86
82011A,2010-12-13,4,67.50
82011B,2011-03-09,90,143.10
82011C,2010-12-19,10,164.55
82069,,,0.00
82072,,,0.00
82076,,,0.00
82081,,,0.00
82093,,,0.00
82095,2011-02-14,67,356.11
82482,2010-12-10,1,22539.53
82483,2010-12-10,1,14229.00
82484,2010-12-12,3,29997.23
82486,2010-12-10,1,17514.75
82494L,2010-12-10,1,20589.13
82545A,,,0.00
82551,2010-12-10,1,4461.63
82552,2010-12-10,1,4562.12
82553,,,0.00
82567,2010-12-10,1,1357.62
82578,2010-12-16,7,1193.30
82580,2010-12-10,1,3387.67
82581,2010-12-10,1,2117.04
82582,2010-12-12,3,8547.90
82583,2010-12-10,1,16679.24
82585,,,0.00
82587,,,0.00
82597,,,0.00
82599,2010-12-10,1,1020.05
82600,2010-12-10,1,12402.71
82605,2010-12-12,3,29.40
82607A,,,0.00
82607C,,,0.00
82607E,,,0.00
82613A,2010-12-20,11,96.09
82613B,2010-12-10,1,492.61
82613C,2010-12-14,5,444.48
82613D,2010-12-10,1,510.39
82615,,,0.00
82616A,,,0.00
82616B,2010-12-10,1,488.87
82616C,2010-12-13,4,485.50
84006,2010-12-10,1,744.87
84007,,,0.00
84012,2010-12-16,7,1278.93
84016,2011-04-27,139,12.16
84029C,,,0.00
84029D,,,0.00
84029E,2010-12-10,1,17659.39
84029G,2010-12-10,1,13770.78
84030B,,,0.00
84030C,,,0.00
84030E,2010-12-10,1,6739.08
84031A,2010-12-10,1,1681.19
84031B,2010-12-10,1,1296.04
84032A,2010-12-10,1,2608.01
84032B,2010-12-10,1,1919.30
84033,2011-01-18,40,37.95
84050,2010-12-12,3,3867.61
84051,2010-12-20,11,212.66
84077,2010-12-10,1,13089.48
84078A,2010-12-16,7,16286.75
84081,,,0.00
84086B,2011-03-09,90,47.20
84086C,2010-12-17,8,617.23
84192,2011-03-03,84,128.75
84199,2010-12-20,11,29.19
84201B,2011-08-22,256,2.47
84201C,2011-08-28,262,0.95
84206A,2011-08-22,256,4.56
84206C,2011-06-01,174,1.52
84212,2010-12-10,1,4934.22
84218,2011-01-05,27,223.11
84219,,,0.00
84226,2011-01-19,41,36.21
84227,2011-03-14,95,0.42
84228,2010-12-10,1,122.41
84231,2011-01-16,38,72.63
84247C,,,0.00
84247E,2010-12-12,3,381.14
84247G,2010-12-17,8,127.54
84247H,,,0.00
84247J,,,0.00
84247K,2011-01-13,35,64.90
84247L,2010-12-17,8,57.02
84247N,2010-12-20,11,59.00
84249A,2010-12-19,10,80.46
84249D,,,0.00
84250M,,,0.00
84251B,2010-12-10,1,69.08
84251C,2010-12-23,14,53.88
84251F,,,0.00
84251G,2010-12-23,14,73.85
84251J,,,0.00
84255A,,,0.00
84255B,,,0.00
84270,,,0.00
84279B,2011-02-01,54,785.95
84279P,2010-12-10,1,1528.08
84288B,,,0.00
84292,,,0.00
84292B,,,0.00
84306,2011-02-20,73,88.22
84313A,,,0.00
84313B,2010-12-13,4,484.65
84313C,2010-12-13,4,1165.91
84327A,,,0.00
84340,,,0.00
84341B,2010-12-10,1,254.49
84347,2010-12-10,1,23376.51
84352,2010-12-13,4,398.80
84356,2010-12-10,1,2117.20
84358,2010-12-14,5,302.75
84360,2010-12-13,4,254.82
84366,,,0.00
84367,,,0.00
84371,,,0.00
84375,2010-12-10,1,8694.11
84378,2010-12-10,1,8361.96
84380,2010-12-10,1,7908.77
84388,2010-12-16,7,11.49
84396,,,0.00
84402D,,,0.00
84405A,,,0.00
84406B,2010-12-10,1,6920.80
84414B,,,0.00
84415A,2011-06-08,181,15.00
84415B,2011-01-07,29,12.50
84422,2010-12-17,8,242.51
84424A,,,0.00
84425A,,,0.00
84427B,,,0.00
84429A,2010-12-17,8,173.63
84437A,,,0.00
84447,,,0.00
84450A,,,0.00
84450B,,,0.00
84452,2011-02-04,57,62.90
84454,,,0.00
84455,,,0.00
84456,,,0.00
84457,2010-12-19,10,113.41
84458,,,0.00
84459A,2010-12-10,1,1039.51
84459B,2010-12-10,1,1062.87
84461,2011-01-16,38,104.55
84462,2011-01-16,38,15.00
84464,,,0.00
84465,2011-01-30,52,29.50
84466,2011-02-23,76,57.50
84467,,,0.00
84469,,,0.00
84472,,,0.00
84482,,,0.00
84493,,,0.00
84497,2011-01-13,35,37.50
84499,2010-12-21,12,5.95
84507B,2010-12-15,6,118.73
84507C,2010-12-14,5,170.63
84508A,2010-12-10,1,3442.95
84508B,2011-01-11,33,124.95
84508C,2011-01-19,41,142.24
84509A,2010-12-10,1,4132.52
84509B,2010-12-17,8,809.47
84509C,2010-12-12,3,771.57
84509E,2010-12-10,1,183.45
84509F,,,0.00
84509G,2010-12-13,4,950.41
84510A,2010-12-10,1,1719.47
84510B,,,0.00
84510C,2010-12-13,4,302.49
84510E,2010-12-10,1,50.75
84510F,,,0.00
84519A,2010-12-13,4,881.94
84519B,2010-12-13,4,768.65
84520B,2010-12-10,1,451.62
84520D,,,0.00
84522,2011-03-28,109,34.81
84526,,,0.00
84527,2011-01-21,43,95.10
84529A,,,0.00
84529B,,,0.00
84529C,,,0.00
84531A,2011-02-13,66,64.99
84531B,2011-02-13,66,77.81
84532B,,,0.00
84533B,,,0.00
84534B,2010-12-21,12,2.51
84535A,2011-03-10,91,186.56
84535B,2010-12-10,1,831.43
84536A,2010-12-10,1,1364.47
84536B,2010-12-13,4,865.72
84537B,,,0.00
84539,2011-07-10,213,26.40
84546,,,0.00
84548,2011-03-24,105,36.30
84549,2011-03-31,112,69.38
84550,2011-11-25,351,1.65
84551,2011-06-14,187,21.45
84555A,,,0.00
84558A,2010-12-10,1,854.43
84559A,2010-12-12,3,385.82
84559B,2010-12-10,1,217.46
84559D,,,0.00
84562A,2010-12-21,12,15.90
84562B,,,0.00
84563A,2010-12-23,14,351.99
84563B,2010-12-23,14,352.15
84564,,,0.00
84568,2010-12-17,8,2893.89
84569A,2010-12-23,14,335.82
84569B,2010-12-20,11,87.15
84569C,2011-03-25,106,1.25
84569D,2010-12-23,14,533.10
84570B,,,0.00
84575A,2010-12-13,4,39.30
84575B,,,0.00
84576,2011-04-04,116,148.32
84578,,,0.00
84580,2010-12-10,1,1389.67
84581,2010-12-13,4,697.08
84582,,,0.00
84584,2010-12-13,4,314.51
84586L,,,0.00
84592,2011-01-20,42,241.24
84593,2011-03-07,88,14.75
84595B,,,0.00
84595E,2010-12-10,1,154.68
84596B,2010-12-10,1,2549.29
84596E,2010-12-10,1,409.61
84596F,2010-12-10,1,1978.82
84596G,2010-12-10,1,950.23
84596I,,,0.00
84596J,2010-12-17,8,290.18
84596K,,,0.00
84596L,2010-12-10,1,626.00
84597B,2010-12-14,5,51.25
84597C,2010-12-14,5,56.25
84598,2010-12-13,4,535.72
84599,,,0.00
84600,2010-12-17,8,446.89
84601A,,,0.00
84608,,,0.00
84609,2010-12-10,1,753.61
84611B,,,0.00
84612B,,,0.00
84613A,2010-12-16,7,27.90
84613C,,,0.00
84614A,,,0.00
84615,,,0.00
84616,2010-12-14,5,504.32
84617,2011-01-09,31,38.25
84619,,,0.00
84620,2010-12-15,6,11.90
84621,,,0.00
84622,,,0.00
84623,,,0.00
84625A,2010-12-13,4,510.99
84625B,,,0.00
84625C,2010-12-13,4,430.19
84625D,,,0.00
84627,,,0.00
84629,2011-05-01,143,150.00
84631,2010-12-10,1,348.53
84632,2011-01-25,47,359.70
84637,2010-12-10,1,606.87
84638,2010-12-10,1,331.50
84653,,,0.00
84656,,,0.00
84657,,,0.00
84658,2011-01-18,40,335.78
84659A,2010-12-10,1,623.56
84660A,2010-12-14,5,813.29
84660B,2010-12-12,3,742.32
84660C,2010-12-14,5,797.76
84661A,2011-01-06,28,172.75
84661B,2010-12-23,14,300.14
84661C,2011-01-10,32,104.84
84663A,2010-12-10,1,362.30
84664,,,0.00
84665,2010-12-14,5,600.95
84666,2010-12-14,5,94.80
84670,,,0.00
84671B,,,0.00
84673A,2010-12-14,5,63.72
84673B,2010-12-10,1,151.51
84674,2010-12-16,7,446.29
84675,2011-01-16,38,26.55
84676,,,0.00
84678,2011-01-24,46,166.68
84679,2011-06-21,194,55.70
84680,,,0.00
84682,,,0.00
84683,2010-12-10,1,129.69
84684,,,0.00
84685,2010-12-10,1,158.34
84686,2011-04-04,116,66.39
84687,2011-02-23,76,504.43
84688,2010-12-10,1,203.07
84689,2011-04-12,124,9.95
84690,,,0.00
84691,2011-02-21,74,174.50
84692,2010-12-10,1,4151.22
84705A,,,0.00
84705B,,,0.00
84705C,2011-05-03,145,15.00
84705D,,,0.00
84705F,,,0.00
84706A,,,0.00
84706B,,,0.00
84706C,,,0.00
84706D,2011-05-13,155,11.70
84706F,2011-07-10,213,47.20
84707A,2011-01-05,27,655.43
84707B,2011-01-04,26,192.13
84708B,2011-02-02,55,326.35
84709A,,,0.00
84709B,2010-12-14,5,107.10
84711A,2011-01-04,26,201.90
84711B,2010-12-13,4,186.64
84712B,2010-12-10,1,207.71
84715,2011-01-30,52,47.20
84720,,,0.00
84721,,,0.00
84723,2011-02-02,55,97.95
84725,2011-04-07,119,35.40
84726,,,0.00
84732B,2011-07-20,223,8.58
84732D,2011-07-20,223,4.29
84741C,2011-01-07,29,117.00
84743C,2011-03-31,112,1.25
84744,2010-12-15,6,115.01
84745A,2011-01-13,35,13.44
84745B,2011-01-13,35,13.44
84746,2011-06-29,202,38.31
84748,2010-12-10,1,585.86
84750A,2011-03-20,101,46.80
84750B,2010-12-16,7,54.99
84751B,2010-12-15,6,38.69
84753A,,,0.00
84754,2010-12-10,1,551.66
84755,2010-12-10,1,10336.73
84757,,,0.00
84760S,2011-01-16,38,44.95
84761,,,0.00
84762A,,,0.00
84762B,,,0.00
84762C,,,0.00
84763,2010-12-12,3,611.55
84765,,,0.00
84766,2010-12-13,4,340.70
84767,,,0.00
84770,,,0.00
84773,,,0.00
84782A,,,0.00
84782B,,,0.00
84782C,,,0.00
84789,2010-12-10,1,636.85
84791,,,0.00
84792,2010-12-13,4,3839.43
84795A,,,0.00
84795B,2010-12-21,12,1593.82
84795C,2011-01-31,53,15.90
84795D,,,0.00
84795E,,,0.00
84796A,2010-12-14,5,709.24
84796B,2011-01-17,39,2393.59
84797A,,,0.00
84797B,,,0.00
84798A,2011-03-01,82,58.65
84798B,2011-02-14,67,28.05
84798C,,,0.00
84799,2010-12-10,1,160.48
84800L,2010-12-19,10,639.36
84800M,2010-12-19,10,174.31
84800S,2011-01-20,42,127.57
84801A,2011-01-20,42,96.60
84801B,2011-02-01,54,46.20
84802A,2010-12-19,10,3.38
84802B,2011-03-01,82,6.76
84803A,2011-02-14,67,5.07
84803B,2011-03-01,82,28.73
84804A,2010-12-19,10,180.58
84804B,2011-05-19,161,188.37
84805A,2011-02-01,54,60.00
84805B,2011-09-16,281,52.50
84806A,2010-12-19,10,96.89
84806B,2011-01-17,39,411.56
84807,,,0.00
84809A,2011-02-14,67,90.30
84809B,2011-02-25,78,37.80
84813,2010-12-16,7,1330.05
84814B,,,0.00
84815,,,0.00
84816,2010-12-13,4,519.35
84817,2010-12-14,5,710.64
84818,2010-12-13,4,1459.05
84819,2010-12-13,4,930.54
84820,2010-12-10,1,484.63
84821,2010-12-10,1,417.35
84823,2010-12-13,4,890.40
84824,2011-06-09,182,31.90
84826,2010-12-14,5,340.93
84827,2010-12-12,3,112.79
84828,2010-12-17,8,1509.99
84830,,,0.00
84832,2010-12-10,1,2619.27
84836,2010-12-10,1,7152.98
84837,,,0.00
84838,,,0.00
84839,,,0.00
84840,2011-02-13,66,25.50
84842,2011-03-14,95,52.50
84843,2010-12-13,4,957.90
84845C,,,0.00
84845D,,,0.00
84846A,2010-12-16,7,98.72
84847,2011-01-27,49,78.75
84849A,2010-12-14,5,322.37
84849B,2010-12-10,1,412.98
84849D,2010-12-10,1,835.34
84854,,,0.00
84855,,,0.00
84856L,2011-03-18,99,5.95
84856S,2011-03-30,111,18.60
84857A,,,0.00
84857C,2010-12-17,8,232.33
84858A,,,0.00
84858B,,,0.00
84858C,2011-02-22,75,261.68
84859A,2010-12-16,7,272.99
84859B,2011-05-06,148,66.76
84859C,2011-02-15,68,180.52
84864A,,,0.00
84865,2010-12-12,3,109.63
84867A,,,0.00
84868A,,,0.00
84868B,,,0.00
84869,,,0.00
84870B,2010-12-16,7,123.58
84870C,2010-12-16,7,123.55
84872A,2010-12-21,12,666.11
84873A,2011-05-17,159,33.90
84874B,2011-01-09,31,65.86
84875A,,,0.00
84875B,2011-01-31,53,188.51
84875D,2011-04-06,118,63.75
84876B,2010-12-13,4,318.31
84876C,,,0.00
84876D,2010-12-13,4,206.25
84877A,2011-04-06,118,58.16
84877B,2010-12-16,7,210.56
84877D,2010-12-16,7,130.07
84879,2010-12-10,1,56588.09
84880,2010-12-10,1,1647.47
84881,2010-12-14,5,69.87
84882,2010-12-12,3,157.34
84884A,2010-12-12,3,1396.00
84886,,,0.00
84891B,,,0.00
84893,,,0.00
84898F,2010-12-16,7,83.93
84899E,,,0.00
84899F,,,0.00
84901,,,0.00
84902,,,0.00
84905,2011-01-17,39,173.48
84906,2010-12-13,4,117.07
84907,2011-01-30,52,180.93
84908A,,,0.00
84908B,,,0.00
84909A,,,0.00
84910A,2010-12-15,6,180.24
84912A,2010-12-12,3,549.37
84912B,2010-12-12,3,1067.84
84913A,2010-12-10,1,877.11
84913B,2010-12-17,8,674.99
84914A,,,0.00
84915,2010-12-14,5,324.06
84916,2010-12-14,5,422.91
84917,2010-12-14,5,453.67
84918,,,0.00
84919,2011-01-30,52,381.78
84920,2010-12-10,1,434.98
84921,2011-03-20,101,37.50
84922,2010-12-12,3,42.29
84923,2010-12-13,4,616.89
84924A,2010-12-16,7,326.09
84924D,,,0.00
84924F,2011-07-13,216,7.90
84925A,,,0.00
84925C,,,0.00
84925D,2011-02-22,75,35.70
84925E,,,0.00
84925F,2011-01-26,48,109.93
84926A,2011-02-02,55,198.01
84926B,,,0.00
84926C,,,0.00
84926D,2010-12-21,12,271.53
84926E,2011-01-04,26,334.76
84926F,2010-12-16,7,195.22
84927A,2010-12-14,5,66.24
84927D,2011-01-20,42,48.04
84927E,2010-12-13,4,80.16
84927F,2011-01-06,28,178.74
84929,2010-12-15,6,637.56
84931A,2010-12-10,1,322.54
84931B,2010-12-23,14,431.73
84932A,,,0.00
84932B,,,0.00
84932C,,,0.00
84932D,,,0.00
84933A,,,0.00
84933B,,,0.00
84933C,,,0.00
84934,,,0.00
84937,,,0.00
84942,,,0.00
84944,2010-12-12,3,1041.16
84945,2010-12-10,1,7904.79
84946,2010-12-10,1,23951.56
84947,2010-12-10,1,9985.90
84948,,,0.00
84949,2010-12-10,1,7178.88
84950,2010-12-10,1,1252.25
84951A,2010-12-10,1,553.80
84951B,2010-12-10,1,554.78
84952A,2010-12-23,14,189.35
84952B,2010-12-15,6,245.89
84952C,2010-12-15,6,194.88
84962,,,0.00
84963A,,,0.00
84963B,2011-08-04,238,149.85
84964A,,,0.00
84964B,,,0.00
84965A,,,0.00
84965B,,,0.00
84966A,,,0.00
84966B,,,0.00
84966C,,,0.00
84967A,,,0.00
84967B,,,0.00
84967C,,,0.00
84968A,2010-12-13,4,3188.14
84968B,2011-03-18,99,25.50
84968C,2010-12-10,1,3484.00
84968D,2010-12-10,1,1710.85
84968E,2010-12-10,1,1697.25
84968F,2010-12-16,7,1880.18
84969,2010-12-10,1,2224.07
84970L,2010-12-10,1,6619.48
84970S,2010-12-10,1,7875.96
84971L,2011-11-25,351,4.92
84971S,2010-12-12,3,1469.49
84972L,,,0.00
84974,2011-01-26,48,398.00
84975,,,0.00
84976,2011-01-24,46,442.79
84977,2011-03-18,99,1.25
84978,2010-12-10,1,16323.67
84984A,2011-05-19,161,88.35
84984B,2011-05-19,161,79.05
84984C,,,0.00
84984D,2011-07-27,230,60.45
84985A,2010-12-10,1,47.85
84985B,,,0.00
84986B,,,0.00
84987,2010-12-10,1,4445.87
84988,2010-12-12,3,6526.74
84989A,2010-12-21,12,100.78
84989B,,,0.00
84990,2011-04-20,132,1.10
84991,2010-12-10,1,8903.01
84992,2010-12-10,1,6374.97
84993A,2010-12-12,3,174.07
84993B,2010-12-12,3,18.90
84997A,2010-12-12,3,10520.00
84997B,2010-12-10,1,18425.65
84997C,2010-12-12,3,16647.71
84997D,2010-12-10,1,21857.52
85006,2010-12-10,1,57.25
85007,,,0.00
85008,2010-12-10,1,41.10
85014A,2010-12-10,1,6632.19
85014B,2010-12-10,1,10907.04
85014C,,,0.00
85014D,,,0.00
85015,2010-12-13,4,1681.95
85016,2010-12-10,1,537.28
85017A,2011-03-17,98,5.93
85017B,2010-12-10,1,583.29
85017C,2011-02-10,63,22.77
85018A,,,0.00
85018B,,,0.00
85018C,,,0.00
85018D,2010-12-13,4,7.65
85019A,2010-12-17,8,547.35
85019B,2011-01-11,33,682.97
85019C,2010-12-17,8,257.97
85020,2010-12-17,8,163.60
85023A,,,0.00
85023B,2010-12-19,10,235.35
85023C,,,0.00
85024B,2011-01-30,52,289.65
85024C,2010-12-15,6,18.15
85025B,2011-01-07,29,555.06
85025C,2010-12-16,7,505.94
85026B,2010-12-20,11,61.77
85027L,2010-12-16,7,152.55
85028L,2011-03-27,108,19.50
85028S,2011-03-27,108,51.60
85030,2011-03-20,101,29.25
85031A,2010-12-12,3,45.90
85031B,2010-12-16,7,4.95
85031C,2010-12-16,7,14.85
85032A,2010-12-12,3,764.54
85032B,2010-12-12,3,747.79
85032C,2010-12-12,3,707.24
85032D,2010-12-10,1,477.54
85033G,,,0.00
85033S,,,0.00
85034A,2010-12-13,4,897.52
85034B,2010-12-13,4,1608.07
85034C,2010-12-10,1,1771.03
85035A,2010-12-10,1,735.61
85035B,2010-12-10,1,1020.10
85035C,2010-12-10,1,1732.72
85036A,2010-12-14,5,763.18
85036B,2010-12-16,7,583.93
85036C,2010-12-13,4,1092.11
85038,2010-12-12,3,1942.40
85039A,2010-12-10,1,1109.09
85039B,2010-12-10,1,1153.10
85039C,2010-12-10,1,250.87
85040A,2010-12-12,3,1709.18
85040B,2010-12-15,6,202.95
85041,,,0.00
85042,,,0.00
85044,,,0.00
85045,2010-12-23,14,166.35
85047,2011-01-25,47,19.05
85048,2010-12-10,1,10332.54
85049A,2010-12-10,1,4202.93
85049B,2010-12-10,1,64.92
85049C,2010-12-10,1,1473.14
85049D,2010-12-10,1,649.91
85049E,2010-12-10,1,3774.09
85049F,2011-01-09,31,448.59
85049G,2010-12-10,1,2204.33
85049H,2010-12-13,4,857.84
85053,2010-12-14,5,3647.35
85054,2010-12-16,7,1424.72
85055,2010-12-13,4,142.34
85059,2010-12-16,7,1269.36
85060,,,0.00
85061W,2010-12-10,1,1832.93
85062,2010-12-13,4,2303.03
85063,,,0.00
85064,2010-12-10,1,164.10
85065,,,0.00
85066,2010-12-10,1,22135.28
85067,2011-01-13,35,18.95
85068,,,0.00
85070,,,0.00
85071A,2010-12-12,3,565.53
85071B,2010-12-12,3,652.43
85071C,2010-12-21,12,412.70
85071D,2010-12-12,3,234.19
85078,2010-12-17,8,669.38
85079,,,0.00
85080,,,0.00
85081,,,0.00
85083,,,0.00
85084,2010-12-10,1,17.00
85086A,2010-12-10,1,122.08
85087,2010-12-23,14,1121.52
85088,2010-12-17,8,534.83
85089,2011-01-05,27,41.30
85090,,,0.00
85091,,,0.00
85092,2011-02-07,60,40.05
85093,2010-12-17,8,472.67
85094,2010-12-23,14,239.81
85095,2011-01-04,26,241.54
85096,2010-12-10,1,93.99
85097B,,,0.00
85098B,,,0.00
85099B,2010-12-10,1,91773.25
85099C,2010-12-10,1,27026.75
85099F,2010-12-10,1,32344.85
85103,2010-12-16,7,924.29
85104,2010-12-14,5,502.15
85106,2011-01-07,29,1095.11
85107,2011-03-22,103,515.89
85109,2010-12-19,10,10.20
85110,,,0.00
85111,2010-12-13,4,426.07
85112,,,0.00
85113,,,0.00
85114A,2010-12-10,1,1035.97
85114B,2010-12-10,1,908.01
85114C,2010-12-10,1,1372.08
85116,2010-12-10,1,832.22
85117,,,0.00
85118,2010-12-23,14,98.78
85119,,,0.00
85121B,,,0.00
85121C,,,0.00
85123A,2010-12-10,1,100879.15
85124A,,,0.00
85124B,2010-12-12,3,230.91
85124C,2010-12-12,3,200.73
85125,2010-12-21,12,729.61
85126,2010-12-21,12,27.14
85127,2010-12-21,12,1031.75
85128,,,0.00
85129A,,,0.00
85129B,2010-12-13,4,141.08
85129C,2011-01-04,26,72.30
85129D,2010-12-14,5,336.47
85130A,2011-01-31,53,82.50
85130B,2010-12-19,10,757.07
85130C,2011-01-20,42,438.87
85130D,2010-12-15,6,561.04
85131A,2010-12-10,1,833.83
85131B,2010-12-10,1,494.76
85131C,2010-12-10,1,172.90
85131D,2010-12-10,1,706.56
85132A,2010-12-10,1,1517.80
85132B,2011-01-10,32,1202.41
85132C,2010-12-13,4,3524.94
85135A,2010-12-21,12,151.05
85135B,2010-12-10,1,338.06
85135C,2010-12-10,1,714.47
85136A,2010-12-10,1,440.53
85136B,2010-12-12,3,15.90
85136C,2010-12-10,1,339.60
85141,2010-12-15,6,635.74
85142,,,0.00
85144,2011-01-04,26,579.35
85145,2011-03-25,106,167.70
85146,2010-12-15,6,171.11
85147,,,0.00
85150,2010-12-10,1,8975.87
85151,,,0.00
85152,2010-12-10,1,15490.47
85159A,2010-12-14,5,770.65
85159B,2010-12-14,5,1134.50
85160A,2010-12-21,12,23.63
85160B,2011-01-12,34,62.24
85161,2010-12-23,14,568.65
85162A,,,0.00
85162B,,,0.00
85162C,,,0.00
85163A,2010-12-17,8,559.00
85163B,2010-12-17,8,783.68
85164B,,,0.00
85165,,,0.00
85166A,,,0.00
85166B,,,0.00
85167A,,,0.00
85167B,2011-02-01,54,42.75
85168A,,,0.00
85168B,2011-01-04,26,432.79
85169A,2010-12-13,4,775.51
85169B,2010-12-10,1,287.29
85169C,2010-12-16,7,450.35
85169D,2010-12-13,4,353.57
85170A,,,0.00
85170B,2010-12-13,4,295.75
85170C,2010-12-10,1,591.71
85170D,2010-12-13,4,782.26
85172,2011-01-17,39,509.20
85173,2010-12-10,1,779.84
85174,2010-12-10,1,2644.35
85175,2010-12-12,3,2110.38
85176,2010-12-10,1,842.09
85177,2010-12-12,3,626.56
85178,2010-12-10,1,2636.28
85179A,2010-12-17,8,359.98
85179B,,,0.00
85179C,2010-12-13,4,201.31
85180A,2010-12-14,5,1042.66
85180B,2010-12-14,5,577.88
85183A,2010-12-13,4,852.04
85183B,2010-12-13,4,1255.87
85184B,,,0.00
85184C,2010-12-10,1,2967.92
85184D,,,0.00
85185B,2010-12-12,3,853.14
85185C,,,0.00
85185D,2010-12-12,3,38.35
85185E,,,0.00
85185F,,,0.00
85186A,2010-12-17,8,291.25
85186B,,,0.00
85186C,2011-01-04,26,269.17
85187,2011-01-05,27,554.88
85188A,2011-01-21,43,278.17
85188B,2010-12-13,4,68.70
85189,2011-01-13,35,7.65
85190,,,0.00
85192S,,,0.00
85194L,2010-12-14,5,823.74
85194S,2011-01-05,27,489.17
85195,2010-12-14,5,23.10
85196,,,0.00
85197,2011-01-11,33,73.50
85198,2011-01-17,39,74.58
85199L,2010-12-13,4,604.30
85199S,2010-12-10,1,1244.54
85200,2011-01-16,38,228.75
85202,2010-12-17,8,307.25
85203,2010-12-17,8,406.05
85204,2010-12-17,8,325.12
85205A,,,0.00
85205B,2010-12-17,8,323.15
85206A,2010-12-15,6,1532.63
85206B,2011-01-13,35,23.10
85208,2010-12-17,8,408.51
85211,2010-12-10,1,175.16
85212,2010-12-15,6,754.76
85213,2010-12-17,8,332.37
85214,2010-12-15,6,242.99
85215,2010-12-17,8,176.16
85216,2011-01-19,41,27.95
85217,,,0.00
85218,,,0.00
85220,,,0.00
85221,,,0.00
85222,,,0.00
85224,2011-03-23,104,6.30
85225,2011-04-28,140,6.25
85226A,,,0.00
85226C,,,0.00
85227,2010-12-10,1,1286.17
85230A,2010-12-20,11,203.28
85230B,2010-12-20,11,312.32
85230E,2010-12-10,1,267.45
85230F,2010-12-10,1,83.38
85230G,2010-12-20,11,243.12
85231B,2010-12-10,1,682.96
85231E,,,0.00
85231G,2010-12-10,1,488.30
85231L,,,0.00
85232A,2010-12-17,8,389.55
85232B,2010-12-10,1,1252.35
85232D,2010-12-14,5,937.26
90000A,2011-02-20,73,77.91
90000B,2011-01-24,46,61.46
90000C,,,0.00
90000D,2010-12-17,8,110.74
90001A,2011-02-28,81,20.95
90001B,2011-06-13,186,21.15
90001C,2011-01-12,34,16.89
90001D,2011-01-10,32,25.49
90002A,,,0.00
90002B,,,0.00
90002C,,,0.00
90002D,2010-12-12,3,26.21
90002E,,,0.00
90003B,2010-12-12,3,52.50
90003C,2010-12-12,3,112.22
90003D,2010-12-12,3,112.26
90003E,2011-01-06,28,82.30
90005A,2010-12-10,1,23.80
90010A,2011-02-09,62,158.35
90010B,2010-12-13,4,81.37
90010E,2010-12-13,4,190.53
90011A,2010-12-23,14,17.51
90011B,2010-12-20,11,35.27
90011C,2011-07-06,209,5.80
90011D,2010-12-17,8,8.76
90011E,2011-01-12,34,8.76
90012A,2010-12-17,8,53.76
90012B,2010-12-16,7,45.35
90013A,2010-12-10,1,183.89
90013B,2010-12-10,1,132.45
90013C,2010-12-17,8,141.12
90013D,2010-12-23,14,25.17
90013E,,,0.00
90014A,2010-12-17,8,217.59
90014B,2010-12-13,4,148.12
90014C,2011-03-31,112,43.20
90016A,2011-01-27,49,105.71
90016B,2011-01-27,49,184.66
90016C,2011-03-03,84,24.96
90018A,2010-12-17,8,184.85
90018B,2011-02-20,73,83.80
90018C,2011-05-24,166,50.40
90019A,2010-12-13,4,186.07
90019B,2011-01-10,32,91.01
90019C,2010-12-23,14,57.71
90020,2011-08-30,264,12.48
90021,2011-04-27,139,11.95
90022,2010-12-10,1,78.77
90023,2010-12-17,8,50.78
90024A,,,0.00
90024B,2011-02-14,67,67.28
90024C,2011-02-20,73,25.32
90024D,2011-04-10,122,16.82
90024E,2010-12-23,14,16.81
90024F,2010-12-23,14,42.13
90025B,2011-04-21,133,3.73
90025C,,,0.00
90025D,2011-03-03,84,11.19
90025E,2011-06-06,179,3.73
90025F,2011-07-04,207,14.96
90026A,2011-06-13,186,17.00
90026B,2011-02-20,73,25.32
90026C,2011-02-20,73,33.82
90026D,2011-02-20,73,25.50
90027A,2010-12-20,11,14.70
90027B,2010-12-17,8,8.76
90027C,2011-01-20,42,14.50
90027D,2010-12-20,11,28.40
90028,2010-12-10,1,117.18
90029,2011-02-11,64,42.14
90030A,2011-07-18,221,72.00
90030B,2010-12-10,1,184.79
90030C,2010-12-10,1,85.76
90031,2010-12-10,1,59.89
90032,2010-12-13,4,103.13
90033,2010-12-17,8,22.52
90034,2011-04-18,130,9.98
90035A,2010-12-15,6,53.62
90035B,,,0.00
90035C,2011-05-13,155,21.50
90036A,2011-05-08,150,47.70
90036B,2011-06-13,186,31.80
90036C,2011-04-18,130,71.40
90036D,2011-02-07,60,87.40
90036E,2010-12-12,3,110.95
90036F,2011-01-04,26,47.94
90037A,2011-01-25,47,2.48
90037B,2011-01-05,27,25.28
90037C,2011-01-10,32,12.52
90037D,,,0.00
90038A,2011-01-12,34,56.15
90038B,2011-01-10,32,48.77
90038C,2011-03-07,88,33.69
90039A,2011-01-13,35,29.96
90039B,2011-01-10,32,37.50
90039C,2011-01-13,35,18.67
90039D,2011-01-13,35,74.88
90040A,2010-12-10,1,54.29
90040B,2010-12-20,11,59.08
90040C,2011-03-07,88,50.61
90040D,,,0.00
90041,2011-01-05,27,18.27
90042A,2010-12-15,6,7.65
90042B,,,0.00
90042C,2010-12-17,8,12.70
90043,2011-07-07,210,24.81
90046,2011-07-07,210,14.85
90048,2011-07-07,210,14.85
90049,2011-07-07,210,34.77
90050,2011-05-23,165,48.77
90051,2010-12-10,1,55.99
90052,2011-08-12,246,14.14
90053,2011-05-31,173,7.44
90054,2011-01-10,32,17.49
90055,2010-12-20,11,12.53
90056,2011-09-22,287,32.46
90057,2010-12-13,4,1311.36
90058A,2011-05-05,147,123.12
90058B,2010-12-14,5,232.56
90059A,2010-12-17,8,71.15
90059B,2011-01-06,28,19.84
90059C,2011-01-12,34,23.14
90059D,2010-12-17,8,39.76
90059E,2010-12-10,1,34.73
90059F,2011-01-10,32,34.69
90060B,2010-12-15,6,5.95
90060C,,,0.00
90060D,2010-12-10,1,11.90
90060F,2011-01-07,29,29.22
90062,2010-12-10,1,519.78
90063A,2011-02-11,64,102.00
90063B,2011-02-11,64,76.32
90064A,2011-02-11,64,38.70
90064B,2011-02-11,64,45.00
90065A,2011-02-20,73,60.75
90065B,2011-10-12,307,13.50
90066A,,,0.00
90067A,2010-12-12,3,41.15
90067B,2011-07-12,215,5.80
90069,2011-11-03,329,15.00
90070,2010-12-10,1,122.64
90071,2010-12-23,14,48.32
90072,2010-12-17,8,83.42
90073,2010-12-13,4,124.52
90074,2011-09-29,294,27.47
90075,2011-03-18,99,37.66
90076,2010-12-13,4,24.12
90077,2010-12-13,4,5.86
90078,2010-12-13,4,15.00
90079,2011-01-12,34,49.76
90081A,2010-12-10,1,69.30
90081C,2010-12-10,1,94.51
90082A,2010-12-10,1,161.45
90082B,2010-12-10,1,120.65
90082C,,,0.00
90082D,2010-12-10,1,26.28
90083,2011-05-09,151,23.47
90084,2011-03-06,87,0.85
90085,2011-02-02,55,33.44
90086,2010-12-13,4,73.62
90087,2011-01-12,34,58.14
90088,,,0.00
90089,2010-12-13,4,14.56
90090,,,0.00
90091,,,0.00
90092,2011-01-12,34,1.66
90093,2011-04-18,130,26.91
90094,2010-12-12,3,33.15
90095,,,0.00
90096,2011-01-07,29,89.38
90098,2011-02-03,56,73.95
90099,2011-03-30,111,51.00
90100,2011-02-24,77,2.55
90101,2010-12-23,14,95.53
90102,2011-06-07,180,8.50
90103,2010-12-23,14,72.66
90104,2010-12-13,4,19.84
90108,2010-12-19,10,81.96
90111,,,0.00
90112,2010-12-23,14,2.10
90114,2010-12-10,1,412.94
90115,2010-12-10,1,116.96
90116,2010-12-23,14,140.50
90118,2011-01-06,28,74.64
90119,2011-01-07,29,207.61
90120A,2010-12-10,1,25.49
90120B,2011-01-10,32,159.88
90120C,2010-12-10,1,206.72
90120D,2010-12-13,4,41.79
90121B,,,0.00
90122A,2010-12-17,8,109.48
90122B,2011-01-10,32,29.93
90122C,2011-01-09,31,119.23
90123A,2011-01-27,49,89.12
90123B,2011-01-09,31,53.42
90123C,2011-01-09,31,83.29
90123D,2011-01-27,49,35.31
90124A,2011-02-28,81,79.66
90124B,2011-01-12,34,109.72
90124C,2011-03-22,103,109.54
90125A,2010-12-14,5,106.24
90125B,2010-12-10,1,48.06
90125C,2011-01-05,27,69.85
90125D,2010-12-10,1,110.03
90125E,2011-01-04,26,21.05
90126A,2010-12-13,4,3.36
90126B,,,0.00
90126C,2011-07-15,218,6.58
90127B,,,0.00
90128A,2011-07-26,229,4.92
90128B,,,0.00
90128C,2011-09-28,293,2.46
90128D,2011-02-15,68,2.46
90129A,2010-12-10,1,74.68
90129B,2010-12-10,1,114.74
90129C,2010-12-10,1,74.78
90129D,2010-12-10,1,31.78
90129E,2010-12-10,1,70.40
90129F,2010-12-16,7,76.78
90130A,2011-07-20,223,17.50
90130B,2010-12-10,1,108.05
90130C,2010-12-10,1,37.99
90130D,2011-01-13,35,8.70
90131,2011-03-23,104,34.87
90132,2011-01-10,32,10.07
90133,2010-12-15,6,94.43
90134,2010-12-13,4,154.54
90135A,2011-04-19,131,4.98
90137,2011-01-10,32,16.31
90138,2011-01-12,34,46.91
90139,,,0.00
90140,2011-08-30,264,7.48
90141A,2011-01-28,50,57.60
90141B,2011-01-10,32,39.77
90141C,2010-12-17,8,52.31
90141D,2011-01-12,34,20.36
90141E,2011-07-18,221,24.75
90142A,2010-12-17,8,5.09
90143,2010-12-17,8,236.61
90144,2010-12-17,8,67.36
90145,2010-12-16,7,162.05
90146,2010-12-15,6,95.35
90147,2010-12-10,1,324.01
90148,2011-01-27,49,114.48
90149,2011-05-22,164,342.76
90150,,,0.00
90151,2010-12-13,4,25.50
90152A,2010-12-23,14,28.76
90152B,2010-12-13,4,5.51
90152C,2011-02-14,67,5.95
90154,2010-12-17,8,421.75
90155,2011-01-05,27,67.62
90156,2011-01-09,31,19.80
90157,2011-02-28,81,49.59
90158,2010-12-20,11,213.94
90159,2011-04-19,131,29.79
90160A,2010-12-12,3,264.94
90160B,2010-12-12,3,209.73
90160C,2010-12-12,3,369.82
90160D,2010-12-12,3,264.70
90161A,2010-12-17,8,104.64
90161B,2010-12-12,3,362.61
90161C,2010-12-10,1,407.65
90161D,2010-12-13,4,303.62
90162A,2011-11-07,333,17.70
90162B,2010-12-13,4,76.70
90162C,2010-12-13,4,41.30
90162D,2010-12-13,4,26.55
90163A,2011-01-05,27,90.32
90163B,2011-01-05,27,52.72
90164A,2010-12-13,4,130.67
90164B,2010-12-13,4,140.98
90165A,2010-12-17,8,39.98
90165B,2010-12-17,8,47.43
90166,2011-01-17,39,83.80
90167,,,0.00
90168,2011-03-30,111,49.60
90169,2011-01-12,34,40.22
90170,2010-12-10,1,138.64
90171,,,0.00
90173,2010-12-10,1,90.10
90174,2011-01-21,43,92.88
90175A,2010-12-10,1,236.68
90175B,2011-01-06,28,82.34
90175C,2011-04-27,139,62.65
90175D,2011-01-06,28,192.14
90176A,2011-02-28,81,22.48
90176C,2011-02-28,81,23.32
90176D,2011-06-26,199,52.50
90177A,2011-02-28,81,40.90
90177B,2010-12-17,8,41.01
90177C,2011-01-06,28,67.36
90177D,2010-12-17,8,67.61
90177E,2010-12-10,1,38.12
90178A,2010-12-10,1,71.35
90178B,2010-12-17,8,11.95
90179A,2010-12-15,6,35.31
90179B,2011-11-22,348,17.59
90179C,2011-07-13,216,29.49
90180A,2011-01-24,46,117.29
90180B,2011-02-14,67,49.81
90181A,2011-01-10,32,64.04
90181B,2011-01-17,39,118.95
90181C,2011-04-18,130,9.15
90182C,2011-01-06,28,40.96
90183A,2010-12-10,1,114.28
90183B,2010-12-23,14,58.12
90183C,2011-01-28,50,29.05
90184A,2011-01-06,28,72.98
90184B,2010-12-13,4,253.19
90184C,2011-01-09,31,190.33
90185A,2010-12-15,6,126.79
90185B,2010-12-10,1,92.77
90185C,2011-01-28,50,93.10
90185D,2010-12-15,6,135.88
90186A,2010-12-12,3,32.16
90186B,2010-12-12,3,61.62
90187A,2011-02-28,81,3.32
90187B,2011-01-21,43,36.64
90188,2011-01-04,26,22.59
90189A,2011-10-09,304,15.00
90189B,,,0.00
90190A,2011-01-12,34,46.76
90190B,2010-12-13,4,38.18
90190C,2010-12-12,3,49.55
90191,2011-01-17,39,163.82
90192,2010-12-10,1,193.97
90194,2010-12-16,7,63.63
90195A,2010-12-10,1,78.09
90195B,2011-10-04,299,12.08
90196A,2011-01-27,49,38.25
90196B,2010-12-10,1,50.73
90197B,2010-12-17,8,174.73
90197D,,,0.00
90198A,2010-12-10,1,311.49
90198B,2011-02-08,61,148.15
90199A,2011-03-23,104,50.56
90199B,2010-12-20,11,50.22
90199C,2011-04-27,139,88.54
90199D,2010-12-17,8,37.62
90200A,2010-12-12,3,307.22
90200B,2010-12-10,1,384.33
90200C,2010-12-10,1,190.22
90200D,2010-12-10,1,695.61
90200E,2010-12-10,1,406.43
90201A,2010-12-17,8,202.51
90201B,2010-12-10,1,246.98
90201C,2010-12-10,1,185.42
90201D,2010-12-10,1,222.88
90202A,2010-12-17,8,64.28
90202B,2011-01-20,42,49.65
90202C,2010-12-10,1,55.75
90202D,2010-12-17,8,64.46
90203,,,0.00
90204,2010-12-12,3,93.51
90205A,2010-12-17,8,44.75
90205C,2010-12-23,14,48.21
90206A,2010-12-17,8,59.80
90206C,2010-12-10,1,224.59
90208,2010-12-17,8,127.62
90209A,2011-08-05,239,163.80
90209B,2010-12-10,1,338.75
90209C,2010-12-10,1,474.17
90210A,2010-12-13,4,57.55
90210B,2010-12-13,4,52.70
90210C,2010-12-13,4,127.55
90210D,2010-12-13,4,132.05
90211A,2010-12-17,8,53.15
90211B,2010-12-20,11,29.48
90212B,2010-12-17,8,22.56
90212C,2011-03-18,99,15.00
90214A,2010-12-13,4,106.56
90214B,2010-12-13,4,20.12
90214C,2010-12-10,1,63.02
90214D,2010-12-10,1,47.35
90214E,2010-12-17,8,48.10
90214F,2011-01-13,35,13.73
90214G,2010-12-17,8,36.80
90214H,2010-12-17,8,32.51
90214I,2010-12-17,8,27.92
90214J,2010-12-13,4,52.16
90214K,2010-12-10,1,57.75
90214L,2010-12-10,1,62.49
90214M,2010-12-14,5,43.47
90214N,2010-12-17,8,26.68
90214O,2011-04-21,133,5.97
90214P,2010-12-17,8,17.68
90214R,2010-12-17,8,23.76
90214S,2010-12-10,1,64.70
90214T,2010-12-17,8,13.46
90214V,2011-01-10,32,13.88
90214W,2011-01-10,32,6.82
90214Z,2010-12-10,1,10.99
DCGS0003,2010-12-10,1,9.94
DCGS0004,2011-04-27,139,16.63
DCGS0058,,,0.00
DCGS0068,,,0.00
DCGS0069,2011-01-28,50,15.79
DCGS0072,,,0.00
DCGS0076,2010-12-20,11,32.26
DCGSSBOY,2011-02-07,60,150.55
DCGSSGIRL,2011-02-07,60,144.43
